masked_img_name,clothing_type,fabric,pattern,segm_name,img_id
WOMEN-Blouses_Shirts-id_00001969-01_4_full_segm_4.png,4,0,3,WOMEN-Blouses_Shirts-id_00001969-01_4_full_segm.png,WOMEN-Blouses_Shirts-id_00001969
WOMEN-Tees_Tanks-id_00005370-05_7_additional_segm_4.png,4,0,3,WOMEN-Tees_Tanks-id_00005370-05_7_additional_segm.png,WOMEN-Tees_Tanks-id_00005370
WOMEN-Tees_Tanks-id_00001801-17_4_full_segm_3.png,3,0,3,WOMEN-Tees_Tanks-id_00001801-17_4_full_segm.png,WOMEN-Tees_Tanks-id_00001801
MEN-Tees_Tanks-id_00003470-20_4_full_segm_4.png,4,0,3,MEN-Tees_Tanks-id_00003470-20_4_full_segm.png,MEN-Tees_Tanks-id_00003470
WOMEN-Tees_Tanks-id_00001212-24_7_additional_segm_4.png,4,0,3,WOMEN-Tees_Tanks-id_00001212-24_7_additional_segm.png,WOMEN-Tees_Tanks-id_00001212
WOMEN-Tees_Tanks-id_00000573-09_7_additional_segm_4.png,4,0,3,WOMEN-Tees_Tanks-id_00000573-09_7_additional_segm.png,WOMEN-Tees_Tanks-id_00000573
MEN-Sweaters-id_00004638-02_4_full_segm_4.png,4,0,3,MEN-Sweaters-id_00004638-02_4_full_segm.png,MEN-Sweaters-id_00004638
WOMEN-Tees_Tanks-id_00003523-27_4_full_segm_4.png,4,0,3,WOMEN-Tees_Tanks-id_00003523-27_4_full_segm.png,WOMEN-Tees_Tanks-id_00003523
MEN-Pants-id_00006688-10_4_full_segm_2.png,2,0,3,MEN-Pants-id_00006688-10_4_full_segm.png,MEN-Pants-id_00006688
WOMEN-Blouses_Shirts-id_00004491-09_4_full_segm_4.png,4,0,3,WOMEN-Blouses_Shirts-id_00004491-09_4_full_segm.png,WOMEN-Blouses_Shirts-id_00004491
WOMEN-Blouses_Shirts-id_00005862-02_4_full_segm_4.png,4,0,3,WOMEN-Blouses_Shirts-id_00005862-02_4_full_segm.png,WOMEN-Blouses_Shirts-id_00005862
WOMEN-Tees_Tanks-id_00007721-27_4_full_segm_4.png,4,0,3,WOMEN-Tees_Tanks-id_00007721-27_4_full_segm.png,WOMEN-Tees_Tanks-id_00007721
WOMEN-Sweaters-id_00004861-03_4_full_segm_4.png,4,0,3,WOMEN-Sweaters-id_00004861-03_4_full_segm.png,WOMEN-Sweaters-id_00004861
WOMEN-Tees_Tanks-id_00000135-05_4_full_segm_4.png,4,0,3,WOMEN-Tees_Tanks-id_00000135-05_4_full_segm.png,WOMEN-Tees_Tanks-id_00000135
WOMEN-Tees_Tanks-id_00006602-07_4_full_segm_4.png,4,0,3,WOMEN-Tees_Tanks-id_00006602-07_4_full_segm.png,WOMEN-Tees_Tanks-id_00006602
WOMEN-Tees_Tanks-id_00004398-04_7_additional_segm_4.png,4,0,3,WOMEN-Tees_Tanks-id_00004398-04_7_additional_segm.png,WOMEN-Tees_Tanks-id_00004398
WOMEN-Tees_Tanks-id_00006015-04_4_full_segm_4.png,4,0,3,WOMEN-Tees_Tanks-id_00006015-04_4_full_segm.png,WOMEN-Tees_Tanks-id_00006015
WOMEN-Cardigans-id_00001087-02_1_front_segm_4.png,4,0,3,WOMEN-Cardigans-id_00001087-02_1_front_segm.png,WOMEN-Cardigans-id_00001087
WOMEN-Blouses_Shirts-id_00007830-04_4_full_segm_4.png,4,0,3,WOMEN-Blouses_Shirts-id_00007830-04_4_full_segm.png,WOMEN-Blouses_Shirts-id_00007830
MEN-Shorts-id_00007555-01_7_additional_segm_4.png,4,0,3,MEN-Shorts-id_00007555-01_7_additional_segm.png,MEN-Shorts-id_00007555
MEN-Tees_Tanks-id_00000122-01_4_full_segm_4.png,4,0,3,MEN-Tees_Tanks-id_00000122-01_4_full_segm.png,MEN-Tees_Tanks-id_00000122
WOMEN-Skirts-id_00007127-02_1_front_segm_3.png,3,0,3,WOMEN-Skirts-id_00007127-02_1_front_segm.png,WOMEN-Skirts-id_00007127
WOMEN-Dresses-id_00003975-01_7_additional_segm_5.png,5,0,3,WOMEN-Dresses-id_00003975-01_7_additional_segm.png,WOMEN-Dresses-id_00003975
WOMEN-Sweaters-id_00002045-05_2_side_segm_4.png,4,0,3,WOMEN-Sweaters-id_00002045-05_2_side_segm.png,WOMEN-Sweaters-id_00002045
WOMEN-Tees_Tanks-id_00004840-02_7_additional_segm_3.png,3,0,3,WOMEN-Tees_Tanks-id_00004840-02_7_additional_segm.png,WOMEN-Tees_Tanks-id_00004840
WOMEN-Cardigans-id_00005321-02_7_additional_segm_4.png,4,0,3,WOMEN-Cardigans-id_00005321-02_7_additional_segm.png,WOMEN-Cardigans-id_00005321
WOMEN-Blouses_Shirts-id_00000259-02_4_full_segm_4.png,4,0,3,WOMEN-Blouses_Shirts-id_00000259-02_4_full_segm.png,WOMEN-Blouses_Shirts-id_00000259
WOMEN-Tees_Tanks-id_00000017-02_4_full_segm_4.png,4,0,3,WOMEN-Tees_Tanks-id_00000017-02_4_full_segm.png,WOMEN-Tees_Tanks-id_00000017
WOMEN-Denim-id_00002359-03_4_full_segm_4.png,4,0,3,WOMEN-Denim-id_00002359-03_4_full_segm.png,WOMEN-Denim-id_00002359
MEN-Denim-id_00002559-03_7_additional_segm_4.png,4,0,3,MEN-Denim-id_00002559-03_7_additional_segm.png,MEN-Denim-id_00002559
WOMEN-Tees_Tanks-id_00007931-02_7_additional_segm_4.png,4,0,3,WOMEN-Tees_Tanks-id_00007931-02_7_additional_segm.png,WOMEN-Tees_Tanks-id_00007931
MEN-Sweatshirts_Hoodies-id_00004332-07_3_back_segm_4.png,4,0,3,MEN-Sweatshirts_Hoodies-id_00004332-07_3_back_segm.png,MEN-Sweatshirts_Hoodies-id_00004332
WOMEN-Sweaters-id_00003586-01_4_full_segm_4.png,4,0,3,WOMEN-Sweaters-id_00003586-01_4_full_segm.png,WOMEN-Sweaters-id_00003586
WOMEN-Jackets_Coats-id_00007459-02_4_full_segm_4.png,4,0,3,WOMEN-Jackets_Coats-id_00007459-02_4_full_segm.png,WOMEN-Jackets_Coats-id_00007459
WOMEN-Graphic_Tees-id_00006827-01_4_full_segm_4.png,4,0,3,WOMEN-Graphic_Tees-id_00006827-01_4_full_segm.png,WOMEN-Graphic_Tees-id_00006827
WOMEN-Sweatshirts_Hoodies-id_00002662-02_1_front_segm_4.png,4,0,3,WOMEN-Sweatshirts_Hoodies-id_00002662-02_1_front_segm.png,WOMEN-Sweatshirts_Hoodies-id_00002662
WOMEN-Denim-id_00003347-05_1_front_segm_4.png,4,0,3,WOMEN-Denim-id_00003347-05_1_front_segm.png,WOMEN-Denim-id_00003347
WOMEN-Graphic_Tees-id_00001283-01_7_additional_segm_4.png,4,0,3,WOMEN-Graphic_Tees-id_00001283-01_7_additional_segm.png,WOMEN-Graphic_Tees-id_00001283
WOMEN-Tees_Tanks-id_00002201-01_7_additional_segm_4.png,4,0,3,WOMEN-Tees_Tanks-id_00002201-01_7_additional_segm.png,WOMEN-Tees_Tanks-id_00002201
MEN-Denim-id_00000938-05_1_front_segm_1.png,1,0,3,MEN-Denim-id_00000938-05_1_front_segm.png,MEN-Denim-id_00000938
WOMEN-Graphic_Tees-id_00002066-01_4_full_segm_4.png,4,0,3,WOMEN-Graphic_Tees-id_00002066-01_4_full_segm.png,WOMEN-Graphic_Tees-id_00002066
WOMEN-Tees_Tanks-id_00003031-02_4_full_segm_4.png,4,0,3,WOMEN-Tees_Tanks-id_00003031-02_4_full_segm.png,WOMEN-Tees_Tanks-id_00003031
WOMEN-Shorts-id_00005211-04_1_front_segm_4.png,4,0,5,WOMEN-Shorts-id_00005211-04_1_front_segm.png,WOMEN-Shorts-id_00005211
WOMEN-Blouses_Shirts-id_00004617-04_4_full_segm_4.png,4,0,3,WOMEN-Blouses_Shirts-id_00004617-04_4_full_segm.png,WOMEN-Blouses_Shirts-id_00004617
WOMEN-Tees_Tanks-id_00000316-06_4_full_segm_4.png,4,0,3,WOMEN-Tees_Tanks-id_00000316-06_4_full_segm.png,WOMEN-Tees_Tanks-id_00000316
WOMEN-Graphic_Tees-id_00001522-05_4_full_segm_4.png,4,0,3,WOMEN-Graphic_Tees-id_00001522-05_4_full_segm.png,WOMEN-Graphic_Tees-id_00001522
WOMEN-Blouses_Shirts-id_00007846-02_1_front_segm_4.png,4,0,3,WOMEN-Blouses_Shirts-id_00007846-02_1_front_segm.png,WOMEN-Blouses_Shirts-id_00007846
WOMEN-Tees_Tanks-id_00006602-01_4_full_segm_4.png,4,0,3,WOMEN-Tees_Tanks-id_00006602-01_4_full_segm.png,WOMEN-Tees_Tanks-id_00006602
WOMEN-Cardigans-id_00003623-04_4_full_segm_4.png,4,0,3,WOMEN-Cardigans-id_00003623-04_4_full_segm.png,WOMEN-Cardigans-id_00003623
WOMEN-Blouses_Shirts-id_00000351-06_4_full_segm_4.png,4,0,3,WOMEN-Blouses_Shirts-id_00000351-06_4_full_segm.png,WOMEN-Blouses_Shirts-id_00000351
WOMEN-Tees_Tanks-id_00001515-06_7_additional_segm_4.png,4,0,3,WOMEN-Tees_Tanks-id_00001515-06_7_additional_segm.png,WOMEN-Tees_Tanks-id_00001515
WOMEN-Tees_Tanks-id_00002018-02_4_full_segm_4.png,4,0,3,WOMEN-Tees_Tanks-id_00002018-02_4_full_segm.png,WOMEN-Tees_Tanks-id_00002018
WOMEN-Cardigans-id_00004517-02_7_additional_segm_4.png,4,0,3,WOMEN-Cardigans-id_00004517-02_7_additional_segm.png,WOMEN-Cardigans-id_00004517
WOMEN-Graphic_Tees-id_00004901-01_4_full_segm_4.png,4,0,3,WOMEN-Graphic_Tees-id_00004901-01_4_full_segm.png,WOMEN-Graphic_Tees-id_00004901
WOMEN-Blouses_Shirts-id_00002829-01_7_additional_segm_4.png,4,0,3,WOMEN-Blouses_Shirts-id_00002829-01_7_additional_segm.png,WOMEN-Blouses_Shirts-id_00002829
WOMEN-Sweaters-id_00001255-02_7_additional_segm_4.png,4,0,3,WOMEN-Sweaters-id_00001255-02_7_additional_segm.png,WOMEN-Sweaters-id_00001255
WOMEN-Blouses_Shirts-id_00005588-01_7_additional_segm_4.png,4,0,3,WOMEN-Blouses_Shirts-id_00005588-01_7_additional_segm.png,WOMEN-Blouses_Shirts-id_00005588
WOMEN-Tees_Tanks-id_00001614-03_4_full_segm_4.png,4,0,3,WOMEN-Tees_Tanks-id_00001614-03_4_full_segm.png,WOMEN-Tees_Tanks-id_00001614
WOMEN-Blouses_Shirts-id_00006953-03_4_full_segm_4.png,4,0,3,WOMEN-Blouses_Shirts-id_00006953-03_4_full_segm.png,WOMEN-Blouses_Shirts-id_00006953
WOMEN-Jackets_Coats-id_00002496-01_4_full_segm_4.png,4,0,3,WOMEN-Jackets_Coats-id_00002496-01_4_full_segm.png,WOMEN-Jackets_Coats-id_00002496
WOMEN-Tees_Tanks-id_00000363-02_4_full_segm_4.png,4,0,3,WOMEN-Tees_Tanks-id_00000363-02_4_full_segm.png,WOMEN-Tees_Tanks-id_00000363
WOMEN-Blouses_Shirts-id_00007634-02_4_full_segm_4.png,4,0,3,WOMEN-Blouses_Shirts-id_00007634-02_4_full_segm.png,WOMEN-Blouses_Shirts-id_00007634
WOMEN-Blouses_Shirts-id_00001508-03_4_full_segm_4.png,4,0,3,WOMEN-Blouses_Shirts-id_00001508-03_4_full_segm.png,WOMEN-Blouses_Shirts-id_00001508
WOMEN-Sweaters-id_00004677-03_4_full_segm_4.png,4,0,3,WOMEN-Sweaters-id_00004677-03_4_full_segm.png,WOMEN-Sweaters-id_00004677
WOMEN-Jackets_Coats-id_00007450-02_1_front_segm_4.png,4,0,3,WOMEN-Jackets_Coats-id_00007450-02_1_front_segm.png,WOMEN-Jackets_Coats-id_00007450
WOMEN-Jackets_Coats-id_00007954-02_7_additional_segm_4.png,4,0,3,WOMEN-Jackets_Coats-id_00007954-02_7_additional_segm.png,WOMEN-Jackets_Coats-id_00007954
WOMEN-Tees_Tanks-id_00007514-04_4_full_segm_4.png,4,0,3,WOMEN-Tees_Tanks-id_00007514-04_4_full_segm.png,WOMEN-Tees_Tanks-id_00007514
WOMEN-Graphic_Tees-id_00004417-01_4_full_segm_4.png,4,0,3,WOMEN-Graphic_Tees-id_00004417-01_4_full_segm.png,WOMEN-Graphic_Tees-id_00004417
MEN-Shirts_Polos-id_00000226-04_7_additional_segm_4.png,4,0,3,MEN-Shirts_Polos-id_00000226-04_7_additional_segm.png,MEN-Shirts_Polos-id_00000226
WOMEN-Tees_Tanks-id_00002142-02_4_full_segm_4.png,4,0,3,WOMEN-Tees_Tanks-id_00002142-02_4_full_segm.png,WOMEN-Tees_Tanks-id_00002142
WOMEN-Tees_Tanks-id_00002929-03_4_full_segm_4.png,4,0,3,WOMEN-Tees_Tanks-id_00002929-03_4_full_segm.png,WOMEN-Tees_Tanks-id_00002929
WOMEN-Blouses_Shirts-id_00000433-05_4_full_segm_4.png,4,0,3,WOMEN-Blouses_Shirts-id_00000433-05_4_full_segm.png,WOMEN-Blouses_Shirts-id_00000433
WOMEN-Sweaters-id_00002726-03_4_full_segm_4.png,4,0,3,WOMEN-Sweaters-id_00002726-03_4_full_segm.png,WOMEN-Sweaters-id_00002726
WOMEN-Tees_Tanks-id_00003884-03_4_full_segm_4.png,4,0,3,WOMEN-Tees_Tanks-id_00003884-03_4_full_segm.png,WOMEN-Tees_Tanks-id_00003884
WOMEN-Cardigans-id_00006462-02_7_additional_segm_4.png,4,0,3,WOMEN-Cardigans-id_00006462-02_7_additional_segm.png,WOMEN-Cardigans-id_00006462
WOMEN-Blouses_Shirts-id_00001455-02_4_full_segm_1.png,1,0,3,WOMEN-Blouses_Shirts-id_00001455-02_4_full_segm.png,WOMEN-Blouses_Shirts-id_00001455
WOMEN-Tees_Tanks-id_00002423-03_4_full_segm_4.png,4,0,3,WOMEN-Tees_Tanks-id_00002423-03_4_full_segm.png,WOMEN-Tees_Tanks-id_00002423
WOMEN-Blouses_Shirts-id_00005581-08_4_full_segm_4.png,4,0,3,WOMEN-Blouses_Shirts-id_00005581-08_4_full_segm.png,WOMEN-Blouses_Shirts-id_00005581
WOMEN-Sweatshirts_Hoodies-id_00001249-12_4_full_segm_4.png,4,0,3,WOMEN-Sweatshirts_Hoodies-id_00001249-12_4_full_segm.png,WOMEN-Sweatshirts_Hoodies-id_00001249
WOMEN-Tees_Tanks-id_00002203-03_4_full_segm_4.png,4,0,3,WOMEN-Tees_Tanks-id_00002203-03_4_full_segm.png,WOMEN-Tees_Tanks-id_00002203
WOMEN-Blouses_Shirts-id_00005146-03_4_full_segm_4.png,4,0,3,WOMEN-Blouses_Shirts-id_00005146-03_4_full_segm.png,WOMEN-Blouses_Shirts-id_00005146
MEN-Sweatshirts_Hoodies-id_00002315-10_4_full_segm_4.png,4,0,3,MEN-Sweatshirts_Hoodies-id_00002315-10_4_full_segm.png,MEN-Sweatshirts_Hoodies-id_00002315
WOMEN-Tees_Tanks-id_00001477-05_4_full_segm_4.png,4,0,3,WOMEN-Tees_Tanks-id_00001477-05_4_full_segm.png,WOMEN-Tees_Tanks-id_00001477
WOMEN-Sweatshirts_Hoodies-id_00006673-02_1_front_segm_4.png,4,0,3,WOMEN-Sweatshirts_Hoodies-id_00006673-02_1_front_segm.png,WOMEN-Sweatshirts_Hoodies-id_00006673
WOMEN-Tees_Tanks-id_00004002-10_7_additional_segm_4.png,4,0,3,WOMEN-Tees_Tanks-id_00004002-10_7_additional_segm.png,WOMEN-Tees_Tanks-id_00004002
MEN-Sweaters-id_00006356-01_4_full_segm_1.png,1,0,3,MEN-Sweaters-id_00006356-01_4_full_segm.png,MEN-Sweaters-id_00006356
WOMEN-Tees_Tanks-id_00006227-04_4_full_segm_4.png,4,0,3,WOMEN-Tees_Tanks-id_00006227-04_4_full_segm.png,WOMEN-Tees_Tanks-id_00006227
WOMEN-Jackets_Coats-id_00004614-02_3_back_segm_4.png,4,0,3,WOMEN-Jackets_Coats-id_00004614-02_3_back_segm.png,WOMEN-Jackets_Coats-id_00004614
MEN-Denim-id_00005769-02_4_full_segm_4.png,4,0,3,MEN-Denim-id_00005769-02_4_full_segm.png,MEN-Denim-id_00005769
WOMEN-Blouses_Shirts-id_00002543-02_4_full_segm_4.png,4,0,3,WOMEN-Blouses_Shirts-id_00002543-02_4_full_segm.png,WOMEN-Blouses_Shirts-id_00002543
WOMEN-Blouses_Shirts-id_00007011-06_7_additional_segm_4.png,4,0,3,WOMEN-Blouses_Shirts-id_00007011-06_7_additional_segm.png,WOMEN-Blouses_Shirts-id_00007011
MEN-Shirts_Polos-id_00007439-01_4_full_segm_4.png,4,0,3,MEN-Shirts_Polos-id_00007439-01_4_full_segm.png,MEN-Shirts_Polos-id_00007439
WOMEN-Blouses_Shirts-id_00005723-01_4_full_segm_4.png,4,0,3,WOMEN-Blouses_Shirts-id_00005723-01_4_full_segm.png,WOMEN-Blouses_Shirts-id_00005723
WOMEN-Blouses_Shirts-id_00005862-01_4_full_segm_4.png,4,0,3,WOMEN-Blouses_Shirts-id_00005862-01_4_full_segm.png,WOMEN-Blouses_Shirts-id_00005862
WOMEN-Rompers_Jumpsuits-id_00007889-02_2_side_segm_6.png,6,0,3,WOMEN-Rompers_Jumpsuits-id_00007889-02_2_side_segm.png,WOMEN-Rompers_Jumpsuits-id_00007889
WOMEN-Cardigans-id_00003669-03_2_side_segm_4.png,4,0,3,WOMEN-Cardigans-id_00003669-03_2_side_segm.png,WOMEN-Cardigans-id_00003669
WOMEN-Cardigans-id_00002021-01_7_additional_segm_4.png,4,0,3,WOMEN-Cardigans-id_00002021-01_7_additional_segm.png,WOMEN-Cardigans-id_00002021
WOMEN-Tees_Tanks-id_00002929-02_4_full_segm_4.png,4,0,3,WOMEN-Tees_Tanks-id_00002929-02_4_full_segm.png,WOMEN-Tees_Tanks-id_00002929
WOMEN-Tees_Tanks-id_00006570-04_4_full_segm_1.png,1,1,3,WOMEN-Tees_Tanks-id_00006570-04_4_full_segm.png,WOMEN-Tees_Tanks-id_00006570
MEN-Pants-id_00007377-01_1_front_segm_4.png,4,1,3,MEN-Pants-id_00007377-01_1_front_segm.png,MEN-Pants-id_00007377
MEN-Pants-id_00006535-10_1_front_segm_1.png,1,1,3,MEN-Pants-id_00006535-10_1_front_segm.png,MEN-Pants-id_00006535
WOMEN-Sweaters-id_00007302-01_1_front_segm_4.png,4,1,4,WOMEN-Sweaters-id_00007302-01_1_front_segm.png,WOMEN-Sweaters-id_00007302
WOMEN-Cardigans-id_00004765-30_4_full_segm_2.png,2,1,3,WOMEN-Cardigans-id_00004765-30_4_full_segm.png,WOMEN-Cardigans-id_00004765
MEN-Shorts-id_00002110-12_7_additional_segm_4.png,4,1,3,MEN-Shorts-id_00002110-12_7_additional_segm.png,MEN-Shorts-id_00002110
MEN-Tees_Tanks-id_00004550-06_4_full_segm_1.png,1,1,3,MEN-Tees_Tanks-id_00004550-06_4_full_segm.png,MEN-Tees_Tanks-id_00004550
WOMEN-Blouses_Shirts-id_00002505-01_4_full_segm_1.png,1,1,1,WOMEN-Blouses_Shirts-id_00002505-01_4_full_segm.png,WOMEN-Blouses_Shirts-id_00002505
WOMEN-Cardigans-id_00001087-02_1_front_segm_1.png,1,1,3,WOMEN-Cardigans-id_00001087-02_1_front_segm.png,WOMEN-Cardigans-id_00001087
MEN-Tees_Tanks-id_00005307-01_4_full_segm_4.png,4,1,3,MEN-Tees_Tanks-id_00005307-01_4_full_segm.png,MEN-Tees_Tanks-id_00005307
WOMEN-Skirts-id_00005159-03_1_front_segm_1.png,1,1,3,WOMEN-Skirts-id_00005159-03_1_front_segm.png,WOMEN-Skirts-id_00005159
MEN-Sweatshirts_Hoodies-id_00007804-11_7_additional_segm_2.png,2,1,3,MEN-Sweatshirts_Hoodies-id_00007804-11_7_additional_segm.png,MEN-Sweatshirts_Hoodies-id_00007804
MEN-Sweaters-id_00001509-04_7_additional_segm_1.png,1,1,6,MEN-Sweaters-id_00001509-04_7_additional_segm.png,MEN-Sweaters-id_00001509
WOMEN-Cardigans-id_00000613-03_4_full_segm_1.png,1,1,3,WOMEN-Cardigans-id_00000613-03_4_full_segm.png,WOMEN-Cardigans-id_00000613
WOMEN-Shorts-id_00006433-14_4_full_segm_4.png,4,1,3,WOMEN-Shorts-id_00006433-14_4_full_segm.png,WOMEN-Shorts-id_00006433
WOMEN-Sweatshirts_Hoodies-id_00004430-05_4_full_segm_1.png,1,1,3,WOMEN-Sweatshirts_Hoodies-id_00004430-05_4_full_segm.png,WOMEN-Sweatshirts_Hoodies-id_00004430
WOMEN-Dresses-id_00007534-01_2_side_segm_5.png,5,1,1,WOMEN-Dresses-id_00007534-01_2_side_segm.png,WOMEN-Dresses-id_00007534
WOMEN-Tees_Tanks-id_00003558-02_1_front_segm_1.png,1,1,3,WOMEN-Tees_Tanks-id_00003558-02_1_front_segm.png,WOMEN-Tees_Tanks-id_00003558
WOMEN-Tees_Tanks-id_00000389-01_4_full_segm_1.png,1,1,2,WOMEN-Tees_Tanks-id_00000389-01_4_full_segm.png,WOMEN-Tees_Tanks-id_00000389
WOMEN-Jackets_Coats-id_00000264-02_1_front_segm_1.png,1,1,3,WOMEN-Jackets_Coats-id_00000264-02_1_front_segm.png,WOMEN-Jackets_Coats-id_00000264
MEN-Denim-id_00006407-03_7_additional_segm_4.png,4,1,4,MEN-Denim-id_00006407-03_7_additional_segm.png,MEN-Denim-id_00006407
WOMEN-Jackets_Coats-id_00002111-04_7_additional_segm_1.png,1,1,3,WOMEN-Jackets_Coats-id_00002111-04_7_additional_segm.png,WOMEN-Jackets_Coats-id_00002111
MEN-Sweatshirts_Hoodies-id_00003060-05_7_additional_segm_1.png,1,1,4,MEN-Sweatshirts_Hoodies-id_00003060-05_7_additional_segm.png,MEN-Sweatshirts_Hoodies-id_00003060
WOMEN-Pants-id_00001933-03_1_front_segm_4.png,4,1,3,WOMEN-Pants-id_00001933-03_1_front_segm.png,WOMEN-Pants-id_00001933
WOMEN-Blouses_Shirts-id_00002384-02_4_full_segm_1.png,1,1,1,WOMEN-Blouses_Shirts-id_00002384-02_4_full_segm.png,WOMEN-Blouses_Shirts-id_00002384
WOMEN-Dresses-id_00003624-03_1_front_segm_3.png,3,1,0,WOMEN-Dresses-id_00003624-03_1_front_segm.png,WOMEN-Dresses-id_00003624
MEN-Shirts_Polos-id_00005548-04_4_full_segm_4.png,4,1,3,MEN-Shirts_Polos-id_00005548-04_4_full_segm.png,MEN-Shirts_Polos-id_00005548
MEN-Shorts-id_00002110-02_7_additional_segm_4.png,4,1,3,MEN-Shorts-id_00002110-02_7_additional_segm.png,MEN-Shorts-id_00002110
WOMEN-Tees_Tanks-id_00002974-02_7_additional_segm_1.png,1,1,0,WOMEN-Tees_Tanks-id_00002974-02_7_additional_segm.png,WOMEN-Tees_Tanks-id_00002974
WOMEN-Rompers_Jumpsuits-id_00004742-02_4_full_segm_6.png,6,1,3,WOMEN-Rompers_Jumpsuits-id_00004742-02_4_full_segm.png,WOMEN-Rompers_Jumpsuits-id_00004742
WOMEN-Shorts-id_00006784-02_4_full_segm_4.png,4,1,1,WOMEN-Shorts-id_00006784-02_4_full_segm.png,WOMEN-Shorts-id_00006784
WOMEN-Skirts-id_00007226-03_4_full_segm_3.png,3,1,3,WOMEN-Skirts-id_00007226-03_4_full_segm.png,WOMEN-Skirts-id_00007226
WOMEN-Rompers_Jumpsuits-id_00003536-03_1_front_segm_6.png,6,1,3,WOMEN-Rompers_Jumpsuits-id_00003536-03_1_front_segm.png,WOMEN-Rompers_Jumpsuits-id_00003536
WOMEN-Rompers_Jumpsuits-id_00001946-05_4_full_segm_6.png,6,1,1,WOMEN-Rompers_Jumpsuits-id_00001946-05_4_full_segm.png,WOMEN-Rompers_Jumpsuits-id_00001946
WOMEN-Tees_Tanks-id_00007721-26_4_full_segm_1.png,1,1,3,WOMEN-Tees_Tanks-id_00007721-26_4_full_segm.png,WOMEN-Tees_Tanks-id_00007721
WOMEN-Dresses-id_00003464-02_2_side_segm_5.png,5,1,1,WOMEN-Dresses-id_00003464-02_2_side_segm.png,WOMEN-Dresses-id_00003464
WOMEN-Sweaters-id_00002823-03_4_full_segm_1.png,1,1,1,WOMEN-Sweaters-id_00002823-03_4_full_segm.png,WOMEN-Sweaters-id_00002823
WOMEN-Tees_Tanks-id_00007961-04_4_full_segm_1.png,1,1,3,WOMEN-Tees_Tanks-id_00007961-04_4_full_segm.png,WOMEN-Tees_Tanks-id_00007961
WOMEN-Sweaters-id_00004501-01_4_full_segm_1.png,1,1,3,WOMEN-Sweaters-id_00004501-01_4_full_segm.png,WOMEN-Sweaters-id_00004501
MEN-Tees_Tanks-id_00003600-01_4_full_segm_4.png,4,1,3,MEN-Tees_Tanks-id_00003600-01_4_full_segm.png,MEN-Tees_Tanks-id_00003600
WOMEN-Skirts-id_00004570-02_1_front_segm_2.png,2,1,4,WOMEN-Skirts-id_00004570-02_1_front_segm.png,WOMEN-Skirts-id_00004570
WOMEN-Rompers_Jumpsuits-id_00006112-02_1_front_segm_6.png,6,1,1,WOMEN-Rompers_Jumpsuits-id_00006112-02_1_front_segm.png,WOMEN-Rompers_Jumpsuits-id_00006112
WOMEN-Blouses_Shirts-id_00005382-02_4_full_segm_4.png,4,1,3,WOMEN-Blouses_Shirts-id_00005382-02_4_full_segm.png,WOMEN-Blouses_Shirts-id_00005382
WOMEN-Denim-id_00002359-03_4_full_segm_2.png,2,1,4,WOMEN-Denim-id_00002359-03_4_full_segm.png,WOMEN-Denim-id_00002359
WOMEN-Skirts-id_00006463-08_7_additional_segm_1.png,1,1,3,WOMEN-Skirts-id_00006463-08_7_additional_segm.png,WOMEN-Skirts-id_00006463
WOMEN-Skirts-id_00007488-01_4_full_segm_1.png,1,1,3,WOMEN-Skirts-id_00007488-01_4_full_segm.png,WOMEN-Skirts-id_00007488
MEN-Sweaters-id_00000694-01_4_full_segm_4.png,4,1,3,MEN-Sweaters-id_00000694-01_4_full_segm.png,MEN-Sweaters-id_00000694
WOMEN-Dresses-id_00006852-04_3_back_segm_5.png,5,1,4,WOMEN-Dresses-id_00006852-04_3_back_segm.png,WOMEN-Dresses-id_00006852
WOMEN-Pants-id_00006873-01_1_front_segm_1.png,1,1,3,WOMEN-Pants-id_00006873-01_1_front_segm.png,WOMEN-Pants-id_00006873
MEN-Denim-id_00000938-02_1_front_segm_4.png,4,1,3,MEN-Denim-id_00000938-02_1_front_segm.png,MEN-Denim-id_00000938
WOMEN-Tees_Tanks-id_00001022-01_7_additional_segm_1.png,1,1,1,WOMEN-Tees_Tanks-id_00001022-01_7_additional_segm.png,WOMEN-Tees_Tanks-id_00001022
WOMEN-Dresses-id_00006194-01_3_back_segm_5.png,5,1,2,WOMEN-Dresses-id_00006194-01_3_back_segm.png,WOMEN-Dresses-id_00006194
WOMEN-Tees_Tanks-id_00001307-01_4_full_segm_1.png,1,1,1,WOMEN-Tees_Tanks-id_00001307-01_4_full_segm.png,WOMEN-Tees_Tanks-id_00001307
WOMEN-Dresses-id_00007332-01_1_front_segm_5.png,5,1,3,WOMEN-Dresses-id_00007332-01_1_front_segm.png,WOMEN-Dresses-id_00007332
WOMEN-Leggings-id_00000317-02_1_front_segm_1.png,1,1,3,WOMEN-Leggings-id_00000317-02_1_front_segm.png,WOMEN-Leggings-id_00000317
WOMEN-Tees_Tanks-id_00001665-04_4_full_segm_1.png,1,1,3,WOMEN-Tees_Tanks-id_00001665-04_4_full_segm.png,WOMEN-Tees_Tanks-id_00001665
WOMEN-Rompers_Jumpsuits-id_00003520-02_2_side_segm_6.png,6,1,3,WOMEN-Rompers_Jumpsuits-id_00003520-02_2_side_segm.png,WOMEN-Rompers_Jumpsuits-id_00003520
WOMEN-Dresses-id_00000823-02_4_full_segm_5.png,5,1,1,WOMEN-Dresses-id_00000823-02_4_full_segm.png,WOMEN-Dresses-id_00000823
WOMEN-Rompers_Jumpsuits-id_00001546-02_2_side_segm_6.png,6,1,1,WOMEN-Rompers_Jumpsuits-id_00001546-02_2_side_segm.png,WOMEN-Rompers_Jumpsuits-id_00001546
WOMEN-Dresses-id_00007797-02_4_full_segm_5.png,5,1,3,WOMEN-Dresses-id_00007797-02_4_full_segm.png,WOMEN-Dresses-id_00007797
MEN-Shorts-id_00002110-09_7_additional_segm_1.png,1,1,3,MEN-Shorts-id_00002110-09_7_additional_segm.png,MEN-Shorts-id_00002110
WOMEN-Dresses-id_00003267-03_2_side_segm_5.png,5,1,1,WOMEN-Dresses-id_00003267-03_2_side_segm.png,WOMEN-Dresses-id_00003267
MEN-Tees_Tanks-id_00007104-02_1_front_segm_4.png,4,1,1,MEN-Tees_Tanks-id_00007104-02_1_front_segm.png,MEN-Tees_Tanks-id_00007104
WOMEN-Dresses-id_00002073-01_1_front_segm_5.png,5,1,3,WOMEN-Dresses-id_00002073-01_1_front_segm.png,WOMEN-Dresses-id_00002073
WOMEN-Dresses-id_00001362-01_7_additional_segm_5.png,5,1,2,WOMEN-Dresses-id_00001362-01_7_additional_segm.png,WOMEN-Dresses-id_00001362
WOMEN-Blouses_Shirts-id_00003852-02_4_full_segm_1.png,1,1,1,WOMEN-Blouses_Shirts-id_00003852-02_4_full_segm.png,WOMEN-Blouses_Shirts-id_00003852
WOMEN-Blouses_Shirts-id_00001095-03_4_full_segm_4.png,4,1,3,WOMEN-Blouses_Shirts-id_00001095-03_4_full_segm.png,WOMEN-Blouses_Shirts-id_00001095
WOMEN-Tees_Tanks-id_00001009-01_3_back_segm_1.png,1,1,3,WOMEN-Tees_Tanks-id_00001009-01_3_back_segm.png,WOMEN-Tees_Tanks-id_00001009
WOMEN-Tees_Tanks-id_00003917-02_4_full_segm_1.png,1,1,3,WOMEN-Tees_Tanks-id_00003917-02_4_full_segm.png,WOMEN-Tees_Tanks-id_00003917
WOMEN-Pants-id_00007217-02_1_front_segm_1.png,1,1,3,WOMEN-Pants-id_00007217-02_1_front_segm.png,WOMEN-Pants-id_00007217
WOMEN-Jackets_Coats-id_00001226-02_2_side_segm_1.png,1,1,1,WOMEN-Jackets_Coats-id_00001226-02_2_side_segm.png,WOMEN-Jackets_Coats-id_00001226
WOMEN-Graphic_Tees-id_00004695-02_4_full_segm_1.png,1,1,1,WOMEN-Graphic_Tees-id_00004695-02_4_full_segm.png,WOMEN-Graphic_Tees-id_00004695
WOMEN-Blouses_Shirts-id_00003487-02_4_full_segm_1.png,1,1,3,WOMEN-Blouses_Shirts-id_00003487-02_4_full_segm.png,WOMEN-Blouses_Shirts-id_00003487
WOMEN-Dresses-id_00005053-01_7_additional_segm_5.png,5,1,1,WOMEN-Dresses-id_00005053-01_7_additional_segm.png,WOMEN-Dresses-id_00005053
WOMEN-Pants-id_00001576-03_1_front_segm_4.png,4,1,3,WOMEN-Pants-id_00001576-03_1_front_segm.png,WOMEN-Pants-id_00001576
WOMEN-Tees_Tanks-id_00002259-05_4_full_segm_4.png,4,1,3,WOMEN-Tees_Tanks-id_00002259-05_4_full_segm.png,WOMEN-Tees_Tanks-id_00002259
WOMEN-Blouses_Shirts-id_00006305-02_4_full_segm_4.png,4,1,3,WOMEN-Blouses_Shirts-id_00006305-02_4_full_segm.png,WOMEN-Blouses_Shirts-id_00006305
WOMEN-Tees_Tanks-id_00001252-10_4_full_segm_1.png,1,1,3,WOMEN-Tees_Tanks-id_00001252-10_4_full_segm.png,WOMEN-Tees_Tanks-id_00001252
WOMEN-Shorts-id_00000919-02_1_front_segm_4.png,4,1,1,WOMEN-Shorts-id_00000919-02_1_front_segm.png,WOMEN-Shorts-id_00000919
WOMEN-Skirts-id_00002838-04_1_front_segm_3.png,3,1,3,WOMEN-Skirts-id_00002838-04_1_front_segm.png,WOMEN-Skirts-id_00002838
WOMEN-Rompers_Jumpsuits-id_00000820-04_1_front_segm_6.png,6,1,0,WOMEN-Rompers_Jumpsuits-id_00000820-04_1_front_segm.png,WOMEN-Rompers_Jumpsuits-id_00000820
WOMEN-Blouses_Shirts-id_00001823-02_4_full_segm_1.png,1,1,1,WOMEN-Blouses_Shirts-id_00001823-02_4_full_segm.png,WOMEN-Blouses_Shirts-id_00001823
WOMEN-Tees_Tanks-id_00000738-02_4_full_segm_1.png,1,1,1,WOMEN-Tees_Tanks-id_00000738-02_4_full_segm.png,WOMEN-Tees_Tanks-id_00000738
WOMEN-Dresses-id_00000074-04_7_additional_segm_5.png,5,1,3,WOMEN-Dresses-id_00000074-04_7_additional_segm.png,WOMEN-Dresses-id_00000074
WOMEN-Tees_Tanks-id_00006809-06_1_front_segm_3.png,3,1,3,WOMEN-Tees_Tanks-id_00006809-06_1_front_segm.png,WOMEN-Tees_Tanks-id_00006809
WOMEN-Sweatshirts_Hoodies-id_00003963-06_7_additional_segm_1.png,1,1,3,WOMEN-Sweatshirts_Hoodies-id_00003963-06_7_additional_segm.png,WOMEN-Sweatshirts_Hoodies-id_00003963
WOMEN-Tees_Tanks-id_00004873-01_4_full_segm_1.png,1,1,1,WOMEN-Tees_Tanks-id_00004873-01_4_full_segm.png,WOMEN-Tees_Tanks-id_00004873
WOMEN-Dresses-id_00004102-02_7_additional_segm_5.png,5,1,1,WOMEN-Dresses-id_00004102-02_7_additional_segm.png,WOMEN-Dresses-id_00004102
WOMEN-Sweaters-id_00001635-06_7_additional_segm_2.png,2,1,3,WOMEN-Sweaters-id_00001635-06_7_additional_segm.png,WOMEN-Sweaters-id_00001635
WOMEN-Tees_Tanks-id_00005239-03_4_full_segm_4.png,4,1,3,WOMEN-Tees_Tanks-id_00005239-03_4_full_segm.png,WOMEN-Tees_Tanks-id_00005239
WOMEN-Pants-id_00005000-07_1_front_segm_4.png,4,1,3,WOMEN-Pants-id_00005000-07_1_front_segm.png,WOMEN-Pants-id_00005000
MEN-Tees_Tanks-id_00004530-08_7_additional_segm_1.png,1,1,3,MEN-Tees_Tanks-id_00004530-08_7_additional_segm.png,MEN-Tees_Tanks-id_00004530
WOMEN-Sweaters-id_00007056-03_7_additional_segm_5.png,5,1,1,WOMEN-Sweaters-id_00007056-03_7_additional_segm.png,WOMEN-Sweaters-id_00007056
MEN-Tees_Tanks-id_00000223-01_4_full_segm_1.png,1,1,1,MEN-Tees_Tanks-id_00000223-01_4_full_segm.png,MEN-Tees_Tanks-id_00000223
WOMEN-Sweatshirts_Hoodies-id_00000746-01_7_additional_segm_1.png,1,1,1,WOMEN-Sweatshirts_Hoodies-id_00000746-01_7_additional_segm.png,WOMEN-Sweatshirts_Hoodies-id_00000746
WOMEN-Skirts-id_00001847-02_1_front_segm_1.png,1,1,5,WOMEN-Skirts-id_00001847-02_1_front_segm.png,WOMEN-Skirts-id_00001847
WOMEN-Pants-id_00004163-03_1_front_segm_4.png,4,1,3,WOMEN-Pants-id_00004163-03_1_front_segm.png,WOMEN-Pants-id_00004163
WOMEN-Rompers_Jumpsuits-id_00000828-05_2_side_segm_6.png,6,1,3,WOMEN-Rompers_Jumpsuits-id_00000828-05_2_side_segm.png,WOMEN-Rompers_Jumpsuits-id_00000828
WOMEN-Dresses-id_00005425-01_7_additional_segm_5.png,5,1,2,WOMEN-Dresses-id_00005425-01_7_additional_segm.png,WOMEN-Dresses-id_00005425
WOMEN-Blouses_Shirts-id_00003836-01_4_full_segm_1.png,1,1,1,WOMEN-Blouses_Shirts-id_00003836-01_4_full_segm.png,WOMEN-Blouses_Shirts-id_00003836
WOMEN-Blouses_Shirts-id_00002829-02_7_additional_segm_4.png,4,1,3,WOMEN-Blouses_Shirts-id_00002829-02_7_additional_segm.png,WOMEN-Blouses_Shirts-id_00002829
MEN-Sweatshirts_Hoodies-id_00005799-04_4_full_segm_1.png,1,1,3,MEN-Sweatshirts_Hoodies-id_00005799-04_4_full_segm.png,MEN-Sweatshirts_Hoodies-id_00005799
MEN-Tees_Tanks-id_00000120-01_4_full_segm_1.png,1,1,1,MEN-Tees_Tanks-id_00000120-01_4_full_segm.png,MEN-Tees_Tanks-id_00000120
MEN-Tees_Tanks-id_00001059-01_4_full_segm_1.png,1,1,3,MEN-Tees_Tanks-id_00001059-01_4_full_segm.png,MEN-Tees_Tanks-id_00001059
WOMEN-Tees_Tanks-id_00004593-12_7_additional_segm_1.png,1,1,3,WOMEN-Tees_Tanks-id_00004593-12_7_additional_segm.png,WOMEN-Tees_Tanks-id_00004593
MEN-Tees_Tanks-id_00005529-02_7_additional_segm_4.png,4,1,3,MEN-Tees_Tanks-id_00005529-02_7_additional_segm.png,MEN-Tees_Tanks-id_00005529
WOMEN-Blouses_Shirts-id_00003802-04_4_full_segm_1.png,1,1,1,WOMEN-Blouses_Shirts-id_00003802-04_4_full_segm.png,WOMEN-Blouses_Shirts-id_00003802
WOMEN-Sweaters-id_00002089-22_7_additional_segm_1.png,1,1,3,WOMEN-Sweaters-id_00002089-22_7_additional_segm.png,WOMEN-Sweaters-id_00002089
WOMEN-Tees_Tanks-id_00002784-02_4_full_segm_1.png,1,1,1,WOMEN-Tees_Tanks-id_00002784-02_4_full_segm.png,WOMEN-Tees_Tanks-id_00002784
WOMEN-Cardigans-id_00006718-01_4_full_segm_2.png,2,1,1,WOMEN-Cardigans-id_00006718-01_4_full_segm.png,WOMEN-Cardigans-id_00006718
MEN-Shirts_Polos-id_00005557-02_4_full_segm_4.png,4,1,3,MEN-Shirts_Polos-id_00005557-02_4_full_segm.png,MEN-Shirts_Polos-id_00005557
WOMEN-Shorts-id_00004631-05_4_full_segm_2.png,2,1,3,WOMEN-Shorts-id_00004631-05_4_full_segm.png,WOMEN-Shorts-id_00004631
WOMEN-Blouses_Shirts-id_00001768-02_4_full_segm_1.png,1,1,4,WOMEN-Blouses_Shirts-id_00001768-02_4_full_segm.png,WOMEN-Blouses_Shirts-id_00001768
WOMEN-Dresses-id_00005002-09_4_full_segm_5.png,5,1,1,WOMEN-Dresses-id_00005002-09_4_full_segm.png,WOMEN-Dresses-id_00005002
WOMEN-Tees_Tanks-id_00001882-02_7_additional_segm_1.png,1,1,3,WOMEN-Tees_Tanks-id_00001882-02_7_additional_segm.png,WOMEN-Tees_Tanks-id_00001882
WOMEN-Rompers_Jumpsuits-id_00007438-02_2_side_segm_6.png,6,1,1,WOMEN-Rompers_Jumpsuits-id_00007438-02_2_side_segm.png,WOMEN-Rompers_Jumpsuits-id_00007438
WOMEN-Pants-id_00007099-03_1_front_segm_4.png,4,1,3,WOMEN-Pants-id_00007099-03_1_front_segm.png,WOMEN-Pants-id_00007099
WOMEN-Graphic_Tees-id_00003773-01_4_full_segm_1.png,1,1,1,WOMEN-Graphic_Tees-id_00003773-01_4_full_segm.png,WOMEN-Graphic_Tees-id_00003773
MEN-Shorts-id_00000697-05_1_front_segm_1.png,1,1,3,MEN-Shorts-id_00000697-05_1_front_segm.png,MEN-Shorts-id_00000697
WOMEN-Shorts-id_00003305-11_4_full_segm_1.png,1,1,3,WOMEN-Shorts-id_00003305-11_4_full_segm.png,WOMEN-Shorts-id_00003305
WOMEN-Pants-id_00001889-01_1_front_segm_1.png,1,1,1,WOMEN-Pants-id_00001889-01_1_front_segm.png,WOMEN-Pants-id_00001889
WOMEN-Blouses_Shirts-id_00007211-03_4_full_segm_4.png,4,1,3,WOMEN-Blouses_Shirts-id_00007211-03_4_full_segm.png,WOMEN-Blouses_Shirts-id_00007211
WOMEN-Tees_Tanks-id_00002540-07_4_full_segm_1.png,1,1,3,WOMEN-Tees_Tanks-id_00002540-07_4_full_segm.png,WOMEN-Tees_Tanks-id_00002540
WOMEN-Dresses-id_00003511-01_7_additional_segm_5.png,5,1,2,WOMEN-Dresses-id_00003511-01_7_additional_segm.png,WOMEN-Dresses-id_00003511
WOMEN-Dresses-id_00003813-02_4_full_segm_5.png,5,1,3,WOMEN-Dresses-id_00003813-02_4_full_segm.png,WOMEN-Dresses-id_00003813
WOMEN-Tees_Tanks-id_00005589-01_4_full_segm_3.png,3,1,5,WOMEN-Tees_Tanks-id_00005589-01_4_full_segm.png,WOMEN-Tees_Tanks-id_00005589
WOMEN-Leggings-id_00001398-03_1_front_segm_1.png,1,1,3,WOMEN-Leggings-id_00001398-03_1_front_segm.png,WOMEN-Leggings-id_00001398
WOMEN-Rompers_Jumpsuits-id_00000677-04_4_full_segm_6.png,6,1,0,WOMEN-Rompers_Jumpsuits-id_00000677-04_4_full_segm.png,WOMEN-Rompers_Jumpsuits-id_00000677
WOMEN-Tees_Tanks-id_00004691-02_1_front_segm_1.png,1,1,2,WOMEN-Tees_Tanks-id_00004691-02_1_front_segm.png,WOMEN-Tees_Tanks-id_00004691
WOMEN-Pants-id_00001944-01_1_front_segm_1.png,1,1,3,WOMEN-Pants-id_00001944-01_1_front_segm.png,WOMEN-Pants-id_00001944
WOMEN-Jackets_Coats-id_00001195-02_4_full_segm_2.png,2,1,5,WOMEN-Jackets_Coats-id_00001195-02_4_full_segm.png,WOMEN-Jackets_Coats-id_00001195
WOMEN-Blouses_Shirts-id_00000721-03_7_additional_segm_1.png,1,1,3,WOMEN-Blouses_Shirts-id_00000721-03_7_additional_segm.png,WOMEN-Blouses_Shirts-id_00000721
WOMEN-Tees_Tanks-id_00005206-05_4_full_segm_4.png,4,1,0,WOMEN-Tees_Tanks-id_00005206-05_4_full_segm.png,WOMEN-Tees_Tanks-id_00005206
WOMEN-Jackets_Coats-id_00003281-04_4_full_segm_1.png,1,1,3,WOMEN-Jackets_Coats-id_00003281-04_4_full_segm.png,WOMEN-Jackets_Coats-id_00003281
MEN-Sweaters-id_00005878-04_4_full_segm_1.png,1,1,1,MEN-Sweaters-id_00005878-04_4_full_segm.png,MEN-Sweaters-id_00005878
MEN-Tees_Tanks-id_00001345-10_4_full_segm_1.png,1,1,2,MEN-Tees_Tanks-id_00001345-10_4_full_segm.png,MEN-Tees_Tanks-id_00001345
WOMEN-Leggings-id_00005741-01_1_front_segm_1.png,1,1,1,WOMEN-Leggings-id_00005741-01_1_front_segm.png,WOMEN-Leggings-id_00005741
WOMEN-Jackets_Coats-id_00000452-02_4_full_segm_1.png,1,1,3,WOMEN-Jackets_Coats-id_00000452-02_4_full_segm.png,WOMEN-Jackets_Coats-id_00000452
WOMEN-Leggings-id_00002459-01_1_front_segm_1.png,1,1,3,WOMEN-Leggings-id_00002459-01_1_front_segm.png,WOMEN-Leggings-id_00002459
WOMEN-Tees_Tanks-id_00004889-06_4_full_segm_1.png,1,1,3,WOMEN-Tees_Tanks-id_00004889-06_4_full_segm.png,WOMEN-Tees_Tanks-id_00004889
WOMEN-Graphic_Tees-id_00006048-01_4_full_segm_5.png,5,1,1,WOMEN-Graphic_Tees-id_00006048-01_4_full_segm.png,WOMEN-Graphic_Tees-id_00006048
WOMEN-Cardigans-id_00000291-05_7_additional_segm_2.png,2,1,3,WOMEN-Cardigans-id_00000291-05_7_additional_segm.png,WOMEN-Cardigans-id_00000291
WOMEN-Graphic_Tees-id_00003803-01_4_full_segm_1.png,1,1,1,WOMEN-Graphic_Tees-id_00003803-01_4_full_segm.png,WOMEN-Graphic_Tees-id_00003803
WOMEN-Cardigans-id_00001868-01_3_back_segm_4.png,4,1,3,WOMEN-Cardigans-id_00001868-01_3_back_segm.png,WOMEN-Cardigans-id_00001868
WOMEN-Dresses-id_00000641-02_2_side_segm_5.png,5,1,1,WOMEN-Dresses-id_00000641-02_2_side_segm.png,WOMEN-Dresses-id_00000641
WOMEN-Blouses_Shirts-id_00001327-05_4_full_segm_1.png,1,1,3,WOMEN-Blouses_Shirts-id_00001327-05_4_full_segm.png,WOMEN-Blouses_Shirts-id_00001327
WOMEN-Blouses_Shirts-id_00006510-02_7_additional_segm_2.png,2,1,1,WOMEN-Blouses_Shirts-id_00006510-02_7_additional_segm.png,WOMEN-Blouses_Shirts-id_00006510
WOMEN-Pants-id_00001426-02_1_front_segm_4.png,4,1,3,WOMEN-Pants-id_00001426-02_1_front_segm.png,WOMEN-Pants-id_00001426
WOMEN-Skirts-id_00006181-01_4_full_segm_2.png,2,1,3,WOMEN-Skirts-id_00006181-01_4_full_segm.png,WOMEN-Skirts-id_00006181
WOMEN-Tees_Tanks-id_00006863-52_4_full_segm_1.png,1,1,3,WOMEN-Tees_Tanks-id_00006863-52_4_full_segm.png,WOMEN-Tees_Tanks-id_00006863
WOMEN-Dresses-id_00007640-01_7_additional_segm_5.png,5,1,0,WOMEN-Dresses-id_00007640-01_7_additional_segm.png,WOMEN-Dresses-id_00007640
WOMEN-Leggings-id_00004722-01_1_front_segm_1.png,1,1,4,WOMEN-Leggings-id_00004722-01_1_front_segm.png,WOMEN-Leggings-id_00004722
WOMEN-Blouses_Shirts-id_00003964-13_4_full_segm_3.png,3,1,3,WOMEN-Blouses_Shirts-id_00003964-13_4_full_segm.png,WOMEN-Blouses_Shirts-id_00003964
WOMEN-Tees_Tanks-id_00005808-04_7_additional_segm_1.png,1,1,3,WOMEN-Tees_Tanks-id_00005808-04_7_additional_segm.png,WOMEN-Tees_Tanks-id_00005808
WOMEN-Sweaters-id_00001635-04_7_additional_segm_4.png,4,1,4,WOMEN-Sweaters-id_00001635-04_7_additional_segm.png,WOMEN-Sweaters-id_00001635
WOMEN-Skirts-id_00006881-02_4_full_segm_2.png,2,1,3,WOMEN-Skirts-id_00006881-02_4_full_segm.png,WOMEN-Skirts-id_00006881
WOMEN-Jackets_Coats-id_00006376-05_4_full_segm_1.png,1,1,3,WOMEN-Jackets_Coats-id_00006376-05_4_full_segm.png,WOMEN-Jackets_Coats-id_00006376
WOMEN-Dresses-id_00007070-01_1_front_segm_5.png,5,1,4,WOMEN-Dresses-id_00007070-01_1_front_segm.png,WOMEN-Dresses-id_00007070
WOMEN-Tees_Tanks-id_00006546-09_4_full_segm_1.png,1,1,3,WOMEN-Tees_Tanks-id_00006546-09_4_full_segm.png,WOMEN-Tees_Tanks-id_00006546
MEN-Pants-id_00002006-08_7_additional_segm_4.png,4,1,3,MEN-Pants-id_00002006-08_7_additional_segm.png,MEN-Pants-id_00002006
WOMEN-Rompers_Jumpsuits-id_00000677-03_4_full_segm_6.png,6,1,0,WOMEN-Rompers_Jumpsuits-id_00000677-03_4_full_segm.png,WOMEN-Rompers_Jumpsuits-id_00000677
WOMEN-Blouses_Shirts-id_00001769-03_7_additional_segm_1.png,1,1,3,WOMEN-Blouses_Shirts-id_00001769-03_7_additional_segm.png,WOMEN-Blouses_Shirts-id_00001769
WOMEN-Dresses-id_00007692-02_1_front_segm_5.png,5,1,1,WOMEN-Dresses-id_00007692-02_1_front_segm.png,WOMEN-Dresses-id_00007692
MEN-Denim-id_00000938-05_1_front_segm_4.png,4,1,4,MEN-Denim-id_00000938-05_1_front_segm.png,MEN-Denim-id_00000938
WOMEN-Dresses-id_00006993-03_7_additional_segm_5.png,5,1,1,WOMEN-Dresses-id_00006993-03_7_additional_segm.png,WOMEN-Dresses-id_00006993
WOMEN-Dresses-id_00007868-01_1_front_segm_5.png,5,1,3,WOMEN-Dresses-id_00007868-01_1_front_segm.png,WOMEN-Dresses-id_00007868
WOMEN-Tees_Tanks-id_00005161-03_4_full_segm_3.png,3,1,3,WOMEN-Tees_Tanks-id_00005161-03_4_full_segm.png,WOMEN-Tees_Tanks-id_00005161
WOMEN-Graphic_Tees-id_00002129-01_4_full_segm_1.png,1,1,1,WOMEN-Graphic_Tees-id_00002129-01_4_full_segm.png,WOMEN-Graphic_Tees-id_00002129
WOMEN-Tees_Tanks-id_00002162-12_4_full_segm_1.png,1,1,3,WOMEN-Tees_Tanks-id_00002162-12_4_full_segm.png,WOMEN-Tees_Tanks-id_00002162
WOMEN-Pants-id_00001320-01_1_front_segm_1.png,1,1,2,WOMEN-Pants-id_00001320-01_1_front_segm.png,WOMEN-Pants-id_00001320
WOMEN-Sweaters-id_00004860-07_4_full_segm_1.png,1,1,3,WOMEN-Sweaters-id_00004860-07_4_full_segm.png,WOMEN-Sweaters-id_00004860
MEN-Pants-id_00000836-02_4_full_segm_1.png,1,1,2,MEN-Pants-id_00000836-02_4_full_segm.png,MEN-Pants-id_00000836
MEN-Tees_Tanks-id_00004305-02_1_front_segm_4.png,4,1,3,MEN-Tees_Tanks-id_00004305-02_1_front_segm.png,MEN-Tees_Tanks-id_00004305
WOMEN-Rompers_Jumpsuits-id_00003746-04_2_side_segm_6.png,6,1,3,WOMEN-Rompers_Jumpsuits-id_00003746-04_2_side_segm.png,WOMEN-Rompers_Jumpsuits-id_00003746
WOMEN-Jackets_Coats-id_00000842-01_1_front_segm_2.png,2,1,3,WOMEN-Jackets_Coats-id_00000842-01_1_front_segm.png,WOMEN-Jackets_Coats-id_00000842
MEN-Tees_Tanks-id_00001345-06_4_full_segm_1.png,1,1,2,MEN-Tees_Tanks-id_00001345-06_4_full_segm.png,MEN-Tees_Tanks-id_00001345
WOMEN-Dresses-id_00001651-02_1_front_segm_5.png,5,1,1,WOMEN-Dresses-id_00001651-02_1_front_segm.png,WOMEN-Dresses-id_00001651
WOMEN-Skirts-id_00005949-07_4_full_segm_4.png,4,1,3,WOMEN-Skirts-id_00005949-07_4_full_segm.png,WOMEN-Skirts-id_00005949
WOMEN-Dresses-id_00002001-02_4_full_segm_5.png,5,1,1,WOMEN-Dresses-id_00002001-02_4_full_segm.png,WOMEN-Dresses-id_00002001
WOMEN-Rompers_Jumpsuits-id_00004201-01_3_back_segm_1.png,1,1,3,WOMEN-Rompers_Jumpsuits-id_00004201-01_3_back_segm.png,WOMEN-Rompers_Jumpsuits-id_00004201
WOMEN-Jackets_Coats-id_00001664-02_7_additional_segm_1.png,1,1,3,WOMEN-Jackets_Coats-id_00001664-02_7_additional_segm.png,WOMEN-Jackets_Coats-id_00001664
WOMEN-Shorts-id_00000580-02_4_full_segm_1.png,1,1,3,WOMEN-Shorts-id_00000580-02_4_full_segm.png,WOMEN-Shorts-id_00000580
WOMEN-Rompers_Jumpsuits-id_00007669-04_2_side_segm_1.png,1,1,3,WOMEN-Rompers_Jumpsuits-id_00007669-04_2_side_segm.png,WOMEN-Rompers_Jumpsuits-id_00007669
WOMEN-Sweaters-id_00007235-12_1_front_segm_3.png,3,1,3,WOMEN-Sweaters-id_00007235-12_1_front_segm.png,WOMEN-Sweaters-id_00007235
WOMEN-Dresses-id_00005768-02_7_additional_segm_5.png,5,1,3,WOMEN-Dresses-id_00005768-02_7_additional_segm.png,WOMEN-Dresses-id_00005768
MEN-Sweaters-id_00003555-02_4_full_segm_1.png,1,1,4,MEN-Sweaters-id_00003555-02_4_full_segm.png,MEN-Sweaters-id_00003555
WOMEN-Pants-id_00001999-02_1_front_segm_4.png,4,1,3,WOMEN-Pants-id_00001999-02_1_front_segm.png,WOMEN-Pants-id_00001999
WOMEN-Rompers_Jumpsuits-id_00002386-02_7_additional_segm_6.png,6,1,1,WOMEN-Rompers_Jumpsuits-id_00002386-02_7_additional_segm.png,WOMEN-Rompers_Jumpsuits-id_00002386
MEN-Tees_Tanks-id_00000390-12_7_additional_segm_1.png,1,1,6,MEN-Tees_Tanks-id_00000390-12_7_additional_segm.png,MEN-Tees_Tanks-id_00000390
WOMEN-Tees_Tanks-id_00000135-07_7_additional_segm_1.png,1,1,3,WOMEN-Tees_Tanks-id_00000135-07_7_additional_segm.png,WOMEN-Tees_Tanks-id_00000135
MEN-Tees_Tanks-id_00001924-01_4_full_segm_1.png,1,1,1,MEN-Tees_Tanks-id_00001924-01_4_full_segm.png,MEN-Tees_Tanks-id_00001924
MEN-Shorts-id_00005615-01_1_front_segm_4.png,4,1,6,MEN-Shorts-id_00005615-01_1_front_segm.png,MEN-Shorts-id_00005615
MEN-Shirts_Polos-id_00001866-07_4_full_segm_1.png,1,1,3,MEN-Shirts_Polos-id_00001866-07_4_full_segm.png,MEN-Shirts_Polos-id_00001866
WOMEN-Dresses-id_00006721-04_3_back_segm_5.png,5,1,3,WOMEN-Dresses-id_00006721-04_3_back_segm.png,WOMEN-Dresses-id_00006721
MEN-Shorts-id_00007739-01_4_full_segm_4.png,4,1,1,MEN-Shorts-id_00007739-01_4_full_segm.png,MEN-Shorts-id_00007739
WOMEN-Shorts-id_00006108-02_4_full_segm_1.png,1,1,1,WOMEN-Shorts-id_00006108-02_4_full_segm.png,WOMEN-Shorts-id_00006108
WOMEN-Dresses-id_00004101-02_4_full_segm_5.png,5,1,1,WOMEN-Dresses-id_00004101-02_4_full_segm.png,WOMEN-Dresses-id_00004101
WOMEN-Dresses-id_00003041-07_4_full_segm_5.png,5,1,3,WOMEN-Dresses-id_00003041-07_4_full_segm.png,WOMEN-Dresses-id_00003041
MEN-Tees_Tanks-id_00007301-02_4_full_segm_4.png,4,1,3,MEN-Tees_Tanks-id_00007301-02_4_full_segm.png,MEN-Tees_Tanks-id_00007301
WOMEN-Blouses_Shirts-id_00001807-03_4_full_segm_1.png,1,1,1,WOMEN-Blouses_Shirts-id_00001807-03_4_full_segm.png,WOMEN-Blouses_Shirts-id_00001807
MEN-Shorts-id_00007004-03_4_full_segm_1.png,1,1,3,MEN-Shorts-id_00007004-03_4_full_segm.png,MEN-Shorts-id_00007004
WOMEN-Jackets_Coats-id_00002325-04_4_full_segm_1.png,1,1,3,WOMEN-Jackets_Coats-id_00002325-04_4_full_segm.png,WOMEN-Jackets_Coats-id_00002325
MEN-Tees_Tanks-id_00006167-01_4_full_segm_4.png,4,1,3,MEN-Tees_Tanks-id_00006167-01_4_full_segm.png,MEN-Tees_Tanks-id_00006167
WOMEN-Blouses_Shirts-id_00004586-05_4_full_segm_4.png,4,1,3,WOMEN-Blouses_Shirts-id_00004586-05_4_full_segm.png,WOMEN-Blouses_Shirts-id_00004586
WOMEN-Jackets_Coats-id_00003978-02_4_full_segm_1.png,1,1,3,WOMEN-Jackets_Coats-id_00003978-02_4_full_segm.png,WOMEN-Jackets_Coats-id_00003978
MEN-Pants-id_00001375-01_1_front_segm_4.png,4,1,3,MEN-Pants-id_00001375-01_1_front_segm.png,MEN-Pants-id_00001375
WOMEN-Graphic_Tees-id_00001181-01_4_full_segm_2.png,2,1,4,WOMEN-Graphic_Tees-id_00001181-01_4_full_segm.png,WOMEN-Graphic_Tees-id_00001181
WOMEN-Rompers_Jumpsuits-id_00006386-01_7_additional_segm_6.png,6,1,1,WOMEN-Rompers_Jumpsuits-id_00006386-01_7_additional_segm.png,WOMEN-Rompers_Jumpsuits-id_00006386
WOMEN-Sweaters-id_00002823-04_7_additional_segm_1.png,1,1,1,WOMEN-Sweaters-id_00002823-04_7_additional_segm.png,WOMEN-Sweaters-id_00002823
WOMEN-Tees_Tanks-id_00001368-15_4_full_segm_1.png,1,1,3,WOMEN-Tees_Tanks-id_00001368-15_4_full_segm.png,WOMEN-Tees_Tanks-id_00001368
WOMEN-Tees_Tanks-id_00006678-05_4_full_segm_1.png,1,1,3,WOMEN-Tees_Tanks-id_00006678-05_4_full_segm.png,WOMEN-Tees_Tanks-id_00006678
WOMEN-Tees_Tanks-id_00006863-42_4_full_segm_4.png,4,1,3,WOMEN-Tees_Tanks-id_00006863-42_4_full_segm.png,WOMEN-Tees_Tanks-id_00006863
WOMEN-Jackets_Coats-id_00005611-01_4_full_segm_2.png,2,1,5,WOMEN-Jackets_Coats-id_00005611-01_4_full_segm.png,WOMEN-Jackets_Coats-id_00005611
MEN-Jackets_Vests-id_00000168-02_4_full_segm_2.png,2,1,3,MEN-Jackets_Vests-id_00000168-02_4_full_segm.png,MEN-Jackets_Vests-id_00000168
WOMEN-Pants-id_00002691-05_1_front_segm_1.png,1,1,3,WOMEN-Pants-id_00002691-05_1_front_segm.png,WOMEN-Pants-id_00002691
WOMEN-Tees_Tanks-id_00005172-02_2_side_segm_4.png,4,1,3,WOMEN-Tees_Tanks-id_00005172-02_2_side_segm.png,WOMEN-Tees_Tanks-id_00005172
WOMEN-Dresses-id_00007462-01_1_front_segm_5.png,5,1,1,WOMEN-Dresses-id_00007462-01_1_front_segm.png,WOMEN-Dresses-id_00007462
MEN-Pants-id_00005213-02_4_full_segm_1.png,1,1,3,MEN-Pants-id_00005213-02_4_full_segm.png,MEN-Pants-id_00005213
WOMEN-Tees_Tanks-id_00007949-05_7_additional_segm_4.png,4,1,3,WOMEN-Tees_Tanks-id_00007949-05_7_additional_segm.png,WOMEN-Tees_Tanks-id_00007949
WOMEN-Tees_Tanks-id_00002308-04_4_full_segm_1.png,1,1,1,WOMEN-Tees_Tanks-id_00002308-04_4_full_segm.png,WOMEN-Tees_Tanks-id_00002308
WOMEN-Graphic_Tees-id_00000639-01_4_full_segm_1.png,1,1,1,WOMEN-Graphic_Tees-id_00000639-01_4_full_segm.png,WOMEN-Graphic_Tees-id_00000639
WOMEN-Cardigans-id_00004497-03_4_full_segm_2.png,2,1,6,WOMEN-Cardigans-id_00004497-03_4_full_segm.png,WOMEN-Cardigans-id_00004497
WOMEN-Sweaters-id_00004412-04_7_additional_segm_4.png,4,1,3,WOMEN-Sweaters-id_00004412-04_7_additional_segm.png,WOMEN-Sweaters-id_00004412
WOMEN-Pants-id_00002691-06_1_front_segm_1.png,1,1,3,WOMEN-Pants-id_00002691-06_1_front_segm.png,WOMEN-Pants-id_00002691
WOMEN-Tees_Tanks-id_00003558-11_1_front_segm_3.png,3,1,3,WOMEN-Tees_Tanks-id_00003558-11_1_front_segm.png,WOMEN-Tees_Tanks-id_00003558
WOMEN-Shorts-id_00003145-01_4_full_segm_2.png,2,1,2,WOMEN-Shorts-id_00003145-01_4_full_segm.png,WOMEN-Shorts-id_00003145
MEN-Jackets_Vests-id_00004014-01_6_flat_segm_2.png,2,1,3,MEN-Jackets_Vests-id_00004014-01_6_flat_segm.png,MEN-Jackets_Vests-id_00004014
WOMEN-Dresses-id_00003473-01_2_side_segm_5.png,5,1,4,WOMEN-Dresses-id_00003473-01_2_side_segm.png,WOMEN-Dresses-id_00003473
MEN-Denim-id_00000353-02_7_additional_segm_1.png,1,1,3,MEN-Denim-id_00000353-02_7_additional_segm.png,MEN-Denim-id_00000353
WOMEN-Dresses-id_00000378-08_7_additional_segm_5.png,5,1,1,WOMEN-Dresses-id_00000378-08_7_additional_segm.png,WOMEN-Dresses-id_00000378
MEN-Shorts-id_00007309-08_1_front_segm_4.png,4,1,3,MEN-Shorts-id_00007309-08_1_front_segm.png,MEN-Shorts-id_00007309
MEN-Jackets_Vests-id_00004328-03_4_full_segm_2.png,2,1,3,MEN-Jackets_Vests-id_00004328-03_4_full_segm.png,MEN-Jackets_Vests-id_00004328
WOMEN-Tees_Tanks-id_00004088-02_1_front_segm_1.png,1,1,3,WOMEN-Tees_Tanks-id_00004088-02_1_front_segm.png,WOMEN-Tees_Tanks-id_00004088
WOMEN-Tees_Tanks-id_00005479-04_4_full_segm_1.png,1,1,3,WOMEN-Tees_Tanks-id_00005479-04_4_full_segm.png,WOMEN-Tees_Tanks-id_00005479
WOMEN-Tees_Tanks-id_00002162-02_4_full_segm_1.png,1,1,3,WOMEN-Tees_Tanks-id_00002162-02_4_full_segm.png,WOMEN-Tees_Tanks-id_00002162
WOMEN-Tees_Tanks-id_00000327-01_7_additional_segm_3.png,3,1,4,WOMEN-Tees_Tanks-id_00000327-01_7_additional_segm.png,WOMEN-Tees_Tanks-id_00000327
WOMEN-Dresses-id_00007241-03_2_side_segm_5.png,5,1,1,WOMEN-Dresses-id_00007241-03_2_side_segm.png,WOMEN-Dresses-id_00007241
WOMEN-Dresses-id_00006194-01_1_front_segm_5.png,5,1,2,WOMEN-Dresses-id_00006194-01_1_front_segm.png,WOMEN-Dresses-id_00006194
WOMEN-Tees_Tanks-id_00001212-16_4_full_segm_1.png,1,1,3,WOMEN-Tees_Tanks-id_00001212-16_4_full_segm.png,WOMEN-Tees_Tanks-id_00001212
WOMEN-Skirts-id_00004887-03_1_front_segm_3.png,3,1,1,WOMEN-Skirts-id_00004887-03_1_front_segm.png,WOMEN-Skirts-id_00004887
WOMEN-Sweaters-id_00006683-04_1_front_segm_1.png,1,1,3,WOMEN-Sweaters-id_00006683-04_1_front_segm.png,WOMEN-Sweaters-id_00006683
WOMEN-Dresses-id_00004525-02_4_full_segm_5.png,5,1,3,WOMEN-Dresses-id_00004525-02_4_full_segm.png,WOMEN-Dresses-id_00004525
WOMEN-Tees_Tanks-id_00001614-03_4_full_segm_1.png,1,1,3,WOMEN-Tees_Tanks-id_00001614-03_4_full_segm.png,WOMEN-Tees_Tanks-id_00001614
MEN-Pants-id_00005742-01_7_additional_segm_1.png,1,1,3,MEN-Pants-id_00005742-01_7_additional_segm.png,MEN-Pants-id_00005742
WOMEN-Tees_Tanks-id_00005479-03_4_full_segm_1.png,1,1,3,WOMEN-Tees_Tanks-id_00005479-03_4_full_segm.png,WOMEN-Tees_Tanks-id_00005479
WOMEN-Blouses_Shirts-id_00006931-02_1_front_segm_2.png,2,1,1,WOMEN-Blouses_Shirts-id_00006931-02_1_front_segm.png,WOMEN-Blouses_Shirts-id_00006931
WOMEN-Dresses-id_00003979-01_4_full_segm_5.png,5,1,2,WOMEN-Dresses-id_00003979-01_4_full_segm.png,WOMEN-Dresses-id_00003979
MEN-Shorts-id_00007309-07_1_front_segm_1.png,1,1,3,MEN-Shorts-id_00007309-07_1_front_segm.png,MEN-Shorts-id_00007309
WOMEN-Shorts-id_00005042-04_4_full_segm_1.png,1,1,3,WOMEN-Shorts-id_00005042-04_4_full_segm.png,WOMEN-Shorts-id_00005042
WOMEN-Skirts-id_00002986-03_1_front_segm_3.png,3,1,3,WOMEN-Skirts-id_00002986-03_1_front_segm.png,WOMEN-Skirts-id_00002986
MEN-Tees_Tanks-id_00007723-02_7_additional_segm_1.png,1,1,3,MEN-Tees_Tanks-id_00007723-02_7_additional_segm.png,MEN-Tees_Tanks-id_00007723
WOMEN-Tees_Tanks-id_00005589-01_4_full_segm_4.png,4,1,5,WOMEN-Tees_Tanks-id_00005589-01_4_full_segm.png,WOMEN-Tees_Tanks-id_00005589
WOMEN-Blouses_Shirts-id_00002374-02_7_additional_segm_3.png,3,1,3,WOMEN-Blouses_Shirts-id_00002374-02_7_additional_segm.png,WOMEN-Blouses_Shirts-id_00002374
WOMEN-Rompers_Jumpsuits-id_00004196-02_2_side_segm_6.png,6,1,3,WOMEN-Rompers_Jumpsuits-id_00004196-02_2_side_segm.png,WOMEN-Rompers_Jumpsuits-id_00004196
MEN-Shorts-id_00007066-06_7_additional_segm_1.png,1,1,3,MEN-Shorts-id_00007066-06_7_additional_segm.png,MEN-Shorts-id_00007066
MEN-Tees_Tanks-id_00007301-01_4_full_segm_1.png,1,1,3,MEN-Tees_Tanks-id_00007301-01_4_full_segm.png,MEN-Tees_Tanks-id_00007301
WOMEN-Dresses-id_00005225-02_1_front_segm_5.png,5,1,1,WOMEN-Dresses-id_00005225-02_1_front_segm.png,WOMEN-Dresses-id_00005225
WOMEN-Blouses_Shirts-id_00003035-01_4_full_segm_4.png,4,1,3,WOMEN-Blouses_Shirts-id_00003035-01_4_full_segm.png,WOMEN-Blouses_Shirts-id_00003035
MEN-Pants-id_00006039-07_7_additional_segm_1.png,1,1,3,MEN-Pants-id_00006039-07_7_additional_segm.png,MEN-Pants-id_00006039
MEN-Shirts_Polos-id_00003489-12_4_full_segm_4.png,4,1,3,MEN-Shirts_Polos-id_00003489-12_4_full_segm.png,MEN-Shirts_Polos-id_00003489
WOMEN-Skirts-id_00001558-06_1_front_segm_3.png,3,1,3,WOMEN-Skirts-id_00001558-06_1_front_segm.png,WOMEN-Skirts-id_00001558
WOMEN-Skirts-id_00006417-02_1_front_segm_1.png,1,1,3,WOMEN-Skirts-id_00006417-02_1_front_segm.png,WOMEN-Skirts-id_00006417
MEN-Sweatshirts_Hoodies-id_00005799-07_4_full_segm_1.png,1,1,3,MEN-Sweatshirts_Hoodies-id_00005799-07_4_full_segm.png,MEN-Sweatshirts_Hoodies-id_00005799
MEN-Denim-id_00000826-02_7_additional_segm_4.png,4,1,3,MEN-Denim-id_00000826-02_7_additional_segm.png,MEN-Denim-id_00000826
WOMEN-Rompers_Jumpsuits-id_00000677-03_4_full_segm_4.png,4,1,0,WOMEN-Rompers_Jumpsuits-id_00000677-03_4_full_segm.png,WOMEN-Rompers_Jumpsuits-id_00000677
WOMEN-Sweaters-id_00007056-03_2_side_segm_5.png,5,1,1,WOMEN-Sweaters-id_00007056-03_2_side_segm.png,WOMEN-Sweaters-id_00007056
MEN-Jackets_Vests-id_00000763-01_4_full_segm_2.png,2,1,1,MEN-Jackets_Vests-id_00000763-01_4_full_segm.png,MEN-Jackets_Vests-id_00000763
WOMEN-Graphic_Tees-id_00003072-04_4_full_segm_4.png,4,1,3,WOMEN-Graphic_Tees-id_00003072-04_4_full_segm.png,WOMEN-Graphic_Tees-id_00003072
WOMEN-Tees_Tanks-id_00002540-06_4_full_segm_1.png,1,1,3,WOMEN-Tees_Tanks-id_00002540-06_4_full_segm.png,WOMEN-Tees_Tanks-id_00002540
WOMEN-Tees_Tanks-id_00004273-03_4_full_segm_4.png,4,1,3,WOMEN-Tees_Tanks-id_00004273-03_4_full_segm.png,WOMEN-Tees_Tanks-id_00004273
WOMEN-Sweaters-id_00004524-03_7_additional_segm_2.png,2,1,3,WOMEN-Sweaters-id_00004524-03_7_additional_segm.png,WOMEN-Sweaters-id_00004524
WOMEN-Graphic_Tees-id_00004016-01_4_full_segm_1.png,1,1,1,WOMEN-Graphic_Tees-id_00004016-01_4_full_segm.png,WOMEN-Graphic_Tees-id_00004016
WOMEN-Sweatshirts_Hoodies-id_00007198-03_1_front_segm_3.png,3,1,3,WOMEN-Sweatshirts_Hoodies-id_00007198-03_1_front_segm.png,WOMEN-Sweatshirts_Hoodies-id_00007198
MEN-Shirts_Polos-id_00000711-01_4_full_segm_1.png,1,1,2,MEN-Shirts_Polos-id_00000711-01_4_full_segm.png,MEN-Shirts_Polos-id_00000711
WOMEN-Sweaters-id_00001700-02_4_full_segm_1.png,1,1,3,WOMEN-Sweaters-id_00001700-02_4_full_segm.png,WOMEN-Sweaters-id_00001700
WOMEN-Rompers_Jumpsuits-id_00007669-04_3_back_segm_1.png,1,1,3,WOMEN-Rompers_Jumpsuits-id_00007669-04_3_back_segm.png,WOMEN-Rompers_Jumpsuits-id_00007669
WOMEN-Cardigans-id_00004490-01_2_side_segm_1.png,1,1,3,WOMEN-Cardigans-id_00004490-01_2_side_segm.png,WOMEN-Cardigans-id_00004490
WOMEN-Tees_Tanks-id_00006863-31_4_full_segm_1.png,1,1,3,WOMEN-Tees_Tanks-id_00006863-31_4_full_segm.png,WOMEN-Tees_Tanks-id_00006863
MEN-Tees_Tanks-id_00004305-02_4_full_segm_4.png,4,1,3,MEN-Tees_Tanks-id_00004305-02_4_full_segm.png,MEN-Tees_Tanks-id_00004305
WOMEN-Pants-id_00001405-02_1_front_segm_1.png,1,1,3,WOMEN-Pants-id_00001405-02_1_front_segm.png,WOMEN-Pants-id_00001405
WOMEN-Shorts-id_00001404-11_4_full_segm_1.png,1,1,3,WOMEN-Shorts-id_00001404-11_4_full_segm.png,WOMEN-Shorts-id_00001404
MEN-Sweatshirts_Hoodies-id_00005799-08_4_full_segm_4.png,4,1,3,MEN-Sweatshirts_Hoodies-id_00005799-08_4_full_segm.png,MEN-Sweatshirts_Hoodies-id_00005799
WOMEN-Rompers_Jumpsuits-id_00001126-06_3_back_segm_6.png,6,1,3,WOMEN-Rompers_Jumpsuits-id_00001126-06_3_back_segm.png,WOMEN-Rompers_Jumpsuits-id_00001126
WOMEN-Graphic_Tees-id_00000241-01_7_additional_segm_1.png,1,1,1,WOMEN-Graphic_Tees-id_00000241-01_7_additional_segm.png,WOMEN-Graphic_Tees-id_00000241
WOMEN-Leggings-id_00004109-04_1_front_segm_1.png,1,1,1,WOMEN-Leggings-id_00004109-04_1_front_segm.png,WOMEN-Leggings-id_00004109
WOMEN-Graphic_Tees-id_00004993-03_4_full_segm_1.png,1,1,1,WOMEN-Graphic_Tees-id_00004993-03_4_full_segm.png,WOMEN-Graphic_Tees-id_00004993
WOMEN-Shorts-id_00000308-01_4_full_segm_4.png,4,1,0,WOMEN-Shorts-id_00000308-01_4_full_segm.png,WOMEN-Shorts-id_00000308
WOMEN-Tees_Tanks-id_00007464-03_7_additional_segm_1.png,1,1,3,WOMEN-Tees_Tanks-id_00007464-03_7_additional_segm.png,WOMEN-Tees_Tanks-id_00007464
WOMEN-Jackets_Coats-id_00000627-02_1_front_segm_1.png,1,1,0,WOMEN-Jackets_Coats-id_00000627-02_1_front_segm.png,WOMEN-Jackets_Coats-id_00000627
WOMEN-Tees_Tanks-id_00005433-09_7_additional_segm_2.png,2,1,3,WOMEN-Tees_Tanks-id_00005433-09_7_additional_segm.png,WOMEN-Tees_Tanks-id_00005433
MEN-Tees_Tanks-id_00004486-06_1_front_segm_1.png,1,1,2,MEN-Tees_Tanks-id_00004486-06_1_front_segm.png,MEN-Tees_Tanks-id_00004486
WOMEN-Jackets_Coats-id_00001195-02_7_additional_segm_1.png,1,1,1,WOMEN-Jackets_Coats-id_00001195-02_7_additional_segm.png,WOMEN-Jackets_Coats-id_00001195
WOMEN-Tees_Tanks-id_00001384-01_7_additional_segm_1.png,1,1,3,WOMEN-Tees_Tanks-id_00001384-01_7_additional_segm.png,WOMEN-Tees_Tanks-id_00001384
MEN-Tees_Tanks-id_00005529-02_7_additional_segm_1.png,1,1,1,MEN-Tees_Tanks-id_00005529-02_7_additional_segm.png,MEN-Tees_Tanks-id_00005529
MEN-Pants-id_00003612-11_1_front_segm_4.png,4,1,3,MEN-Pants-id_00003612-11_1_front_segm.png,MEN-Pants-id_00003612
WOMEN-Sweaters-id_00001635-06_7_additional_segm_3.png,3,1,4,WOMEN-Sweaters-id_00001635-06_7_additional_segm.png,WOMEN-Sweaters-id_00001635
WOMEN-Tees_Tanks-id_00006421-08_4_full_segm_1.png,1,1,3,WOMEN-Tees_Tanks-id_00006421-08_4_full_segm.png,WOMEN-Tees_Tanks-id_00006421
WOMEN-Blouses_Shirts-id_00002834-02_4_full_segm_1.png,1,1,3,WOMEN-Blouses_Shirts-id_00002834-02_4_full_segm.png,WOMEN-Blouses_Shirts-id_00002834
WOMEN-Tees_Tanks-id_00001512-04_1_front_segm_4.png,4,1,3,WOMEN-Tees_Tanks-id_00001512-04_1_front_segm.png,WOMEN-Tees_Tanks-id_00001512
WOMEN-Graphic_Tees-id_00002490-01_4_full_segm_4.png,4,1,4,WOMEN-Graphic_Tees-id_00002490-01_4_full_segm.png,WOMEN-Graphic_Tees-id_00002490
MEN-Tees_Tanks-id_00003306-03_7_additional_segm_4.png,4,1,3,MEN-Tees_Tanks-id_00003306-03_7_additional_segm.png,MEN-Tees_Tanks-id_00003306
WOMEN-Pants-id_00002262-06_1_front_segm_4.png,4,1,3,WOMEN-Pants-id_00002262-06_1_front_segm.png,WOMEN-Pants-id_00002262
WOMEN-Pants-id_00001933-02_1_front_segm_4.png,4,1,3,WOMEN-Pants-id_00001933-02_1_front_segm.png,WOMEN-Pants-id_00001933
WOMEN-Pants-id_00004762-02_1_front_segm_1.png,1,1,3,WOMEN-Pants-id_00004762-02_1_front_segm.png,WOMEN-Pants-id_00004762
WOMEN-Jackets_Coats-id_00000698-02_4_full_segm_2.png,2,1,3,WOMEN-Jackets_Coats-id_00000698-02_4_full_segm.png,WOMEN-Jackets_Coats-id_00000698
WOMEN-Skirts-id_00000629-04_4_full_segm_3.png,3,1,1,WOMEN-Skirts-id_00000629-04_4_full_segm.png,WOMEN-Skirts-id_00000629
WOMEN-Sweaters-id_00002184-03_1_front_segm_1.png,1,1,3,WOMEN-Sweaters-id_00002184-03_1_front_segm.png,WOMEN-Sweaters-id_00002184
WOMEN-Dresses-id_00004068-02_2_side_segm_5.png,5,1,3,WOMEN-Dresses-id_00004068-02_2_side_segm.png,WOMEN-Dresses-id_00004068
WOMEN-Skirts-id_00007380-02_1_front_segm_1.png,1,1,3,WOMEN-Skirts-id_00007380-02_1_front_segm.png,WOMEN-Skirts-id_00007380
WOMEN-Jackets_Coats-id_00007954-02_7_additional_segm_1.png,1,1,3,WOMEN-Jackets_Coats-id_00007954-02_7_additional_segm.png,WOMEN-Jackets_Coats-id_00007954
MEN-Shirts_Polos-id_00000846-04_4_full_segm_1.png,1,1,3,MEN-Shirts_Polos-id_00000846-04_4_full_segm.png,MEN-Shirts_Polos-id_00000846
WOMEN-Skirts-id_00004896-01_4_full_segm_3.png,3,1,3,WOMEN-Skirts-id_00004896-01_4_full_segm.png,WOMEN-Skirts-id_00004896
MEN-Pants-id_00001092-02_2_side_segm_4.png,4,1,3,MEN-Pants-id_00001092-02_2_side_segm.png,MEN-Pants-id_00001092
WOMEN-Tees_Tanks-id_00003383-07_1_front_segm_3.png,3,2,3,WOMEN-Tees_Tanks-id_00003383-07_1_front_segm.png,WOMEN-Tees_Tanks-id_00003383
WOMEN-Tees_Tanks-id_00003460-04_4_full_segm_4.png,4,2,3,WOMEN-Tees_Tanks-id_00003460-04_4_full_segm.png,WOMEN-Tees_Tanks-id_00003460
WOMEN-Tees_Tanks-id_00002503-04_1_front_segm_3.png,3,2,3,WOMEN-Tees_Tanks-id_00002503-04_1_front_segm.png,WOMEN-Tees_Tanks-id_00002503
WOMEN-Tees_Tanks-id_00005552-04_4_full_segm_4.png,4,2,3,WOMEN-Tees_Tanks-id_00005552-04_4_full_segm.png,WOMEN-Tees_Tanks-id_00005552
WOMEN-Blouses_Shirts-id_00001616-01_4_full_segm_4.png,4,2,3,WOMEN-Blouses_Shirts-id_00001616-01_4_full_segm.png,WOMEN-Blouses_Shirts-id_00001616
WOMEN-Sweaters-id_00004745-05_1_front_segm_4.png,4,2,3,WOMEN-Sweaters-id_00004745-05_1_front_segm.png,WOMEN-Sweaters-id_00004745
WOMEN-Blouses_Shirts-id_00001191-01_4_full_segm_1.png,1,2,1,WOMEN-Blouses_Shirts-id_00001191-01_4_full_segm.png,WOMEN-Blouses_Shirts-id_00001191
WOMEN-Tees_Tanks-id_00005614-02_4_full_segm_4.png,4,2,3,WOMEN-Tees_Tanks-id_00005614-02_4_full_segm.png,WOMEN-Tees_Tanks-id_00005614
WOMEN-Sweaters-id_00000097-03_1_front_segm_3.png,3,2,3,WOMEN-Sweaters-id_00000097-03_1_front_segm.png,WOMEN-Sweaters-id_00000097
WOMEN-Tees_Tanks-id_00001757-08_4_full_segm_3.png,3,2,3,WOMEN-Tees_Tanks-id_00001757-08_4_full_segm.png,WOMEN-Tees_Tanks-id_00001757
WOMEN-Cardigans-id_00001899-03_2_side_segm_4.png,4,2,3,WOMEN-Cardigans-id_00001899-03_2_side_segm.png,WOMEN-Cardigans-id_00001899
WOMEN-Sweaters-id_00002280-01_1_front_segm_3.png,3,2,3,WOMEN-Sweaters-id_00002280-01_1_front_segm.png,WOMEN-Sweaters-id_00002280
WOMEN-Sweatshirts_Hoodies-id_00000121-01_4_full_segm_4.png,4,2,3,WOMEN-Sweatshirts_Hoodies-id_00000121-01_4_full_segm.png,WOMEN-Sweatshirts_Hoodies-id_00000121
WOMEN-Skirts-id_00007380-02_1_front_segm_2.png,2,2,3,WOMEN-Skirts-id_00007380-02_1_front_segm.png,WOMEN-Skirts-id_00007380
WOMEN-Blouses_Shirts-id_00005254-01_2_side_segm_3.png,3,2,3,WOMEN-Blouses_Shirts-id_00005254-01_2_side_segm.png,WOMEN-Blouses_Shirts-id_00005254
WOMEN-Sweaters-id_00001618-05_7_additional_segm_1.png,1,3,3,WOMEN-Sweaters-id_00001618-05_7_additional_segm.png,WOMEN-Sweaters-id_00001618
WOMEN-Jackets_Coats-id_00005710-04_7_additional_segm_1.png,1,3,3,WOMEN-Jackets_Coats-id_00005710-04_7_additional_segm.png,WOMEN-Jackets_Coats-id_00005710
WOMEN-Graphic_Tees-id_00005675-01_4_full_segm_2.png,2,3,3,WOMEN-Graphic_Tees-id_00005675-01_4_full_segm.png,WOMEN-Graphic_Tees-id_00005675
WOMEN-Sweaters-id_00004770-08_1_front_segm_1.png,1,3,3,WOMEN-Sweaters-id_00004770-08_1_front_segm.png,WOMEN-Sweaters-id_00004770
WOMEN-Sweaters-id_00001123-01_4_full_segm_1.png,1,3,3,WOMEN-Sweaters-id_00001123-01_4_full_segm.png,WOMEN-Sweaters-id_00001123
WOMEN-Sweaters-id_00002573-01_4_full_segm_2.png,2,3,3,WOMEN-Sweaters-id_00002573-01_4_full_segm.png,WOMEN-Sweaters-id_00002573
WOMEN-Sweaters-id_00001202-06_4_full_segm_2.png,2,3,3,WOMEN-Sweaters-id_00001202-06_4_full_segm.png,WOMEN-Sweaters-id_00001202
WOMEN-Denim-id_00002528-03_1_front_segm_2.png,2,3,3,WOMEN-Denim-id_00002528-03_1_front_segm.png,WOMEN-Denim-id_00002528
WOMEN-Tees_Tanks-id_00000914-01_4_full_segm_2.png,2,3,1,WOMEN-Tees_Tanks-id_00000914-01_4_full_segm.png,WOMEN-Tees_Tanks-id_00000914
WOMEN-Sweaters-id_00002583-04_4_full_segm_1.png,1,3,3,WOMEN-Sweaters-id_00002583-04_4_full_segm.png,WOMEN-Sweaters-id_00002583
WOMEN-Tees_Tanks-id_00000434-01_4_full_segm_1.png,1,3,1,WOMEN-Tees_Tanks-id_00000434-01_4_full_segm.png,WOMEN-Tees_Tanks-id_00000434
WOMEN-Sweaters-id_00001615-06_7_additional_segm_1.png,1,3,2,WOMEN-Sweaters-id_00001615-06_7_additional_segm.png,WOMEN-Sweaters-id_00001615
WOMEN-Sweaters-id_00003149-01_2_side_segm_2.png,2,3,3,WOMEN-Sweaters-id_00003149-01_2_side_segm.png,WOMEN-Sweaters-id_00003149
WOMEN-Sweaters-id_00006334-03_1_front_segm_1.png,1,3,3,WOMEN-Sweaters-id_00006334-03_1_front_segm.png,WOMEN-Sweaters-id_00006334
WOMEN-Sweaters-id_00000870-02_7_additional_segm_1.png,1,3,5,WOMEN-Sweaters-id_00000870-02_7_additional_segm.png,WOMEN-Sweaters-id_00000870
WOMEN-Dresses-id_00005768-12_4_full_segm_2.png,2,3,3,WOMEN-Dresses-id_00005768-12_4_full_segm.png,WOMEN-Dresses-id_00005768
WOMEN-Sweaters-id_00000860-02_1_front_segm_1.png,1,3,1,WOMEN-Sweaters-id_00000860-02_1_front_segm.png,WOMEN-Sweaters-id_00000860
WOMEN-Sweaters-id_00003528-07_1_front_segm_2.png,2,3,3,WOMEN-Sweaters-id_00003528-07_1_front_segm.png,WOMEN-Sweaters-id_00003528
WOMEN-Sweatshirts_Hoodies-id_00000126-03_4_full_segm_1.png,1,3,2,WOMEN-Sweatshirts_Hoodies-id_00000126-03_4_full_segm.png,WOMEN-Sweatshirts_Hoodies-id_00000126
WOMEN-Pants-id_00007136-02_1_front_segm_1.png,1,3,1,WOMEN-Pants-id_00007136-02_1_front_segm.png,WOMEN-Pants-id_00007136
WOMEN-Sweaters-id_00003224-02_4_full_segm_1.png,1,3,1,WOMEN-Sweaters-id_00003224-02_4_full_segm.png,WOMEN-Sweaters-id_00003224
WOMEN-Sweaters-id_00007025-02_4_full_segm_1.png,1,3,1,WOMEN-Sweaters-id_00007025-02_4_full_segm.png,WOMEN-Sweaters-id_00007025
WOMEN-Dresses-id_00005134-02_3_back_segm_5.png,5,4,1,WOMEN-Dresses-id_00005134-02_3_back_segm.png,WOMEN-Dresses-id_00005134
WOMEN-Sweaters-id_00005901-05_4_full_segm_3.png,3,4,0,WOMEN-Sweaters-id_00005901-05_4_full_segm.png,WOMEN-Sweaters-id_00005901
WOMEN-Dresses-id_00007599-02_7_additional_segm_1.png,1,4,0,WOMEN-Dresses-id_00007599-02_7_additional_segm.png,WOMEN-Dresses-id_00007599
WOMEN-Blouses_Shirts-id_00006694-02_7_additional_segm_1.png,1,4,3,WOMEN-Blouses_Shirts-id_00006694-02_7_additional_segm.png,WOMEN-Blouses_Shirts-id_00006694
WOMEN-Blouses_Shirts-id_00006488-01_4_full_segm_1.png,1,4,3,WOMEN-Blouses_Shirts-id_00006488-01_4_full_segm.png,WOMEN-Blouses_Shirts-id_00006488
WOMEN-Rompers_Jumpsuits-id_00002118-04_7_additional_segm_4.png,4,4,3,WOMEN-Rompers_Jumpsuits-id_00002118-04_7_additional_segm.png,WOMEN-Rompers_Jumpsuits-id_00002118
WOMEN-Dresses-id_00000803-04_4_full_segm_5.png,5,4,1,WOMEN-Dresses-id_00000803-04_4_full_segm.png,WOMEN-Dresses-id_00000803
WOMEN-Dresses-id_00000189-01_4_full_segm_5.png,5,4,3,WOMEN-Dresses-id_00000189-01_4_full_segm.png,WOMEN-Dresses-id_00000189
WOMEN-Blouses_Shirts-id_00007711-04_4_full_segm_1.png,1,4,3,WOMEN-Blouses_Shirts-id_00007711-04_4_full_segm.png,WOMEN-Blouses_Shirts-id_00007711
WOMEN-Dresses-id_00006981-02_4_full_segm_5.png,5,4,0,WOMEN-Dresses-id_00006981-02_4_full_segm.png,WOMEN-Dresses-id_00006981
WOMEN-Blouses_Shirts-id_00006982-06_4_full_segm_1.png,1,4,3,WOMEN-Blouses_Shirts-id_00006982-06_4_full_segm.png,WOMEN-Blouses_Shirts-id_00006982
WOMEN-Dresses-id_00005410-02_3_back_segm_4.png,4,4,3,WOMEN-Dresses-id_00005410-02_3_back_segm.png,WOMEN-Dresses-id_00005410
WOMEN-Dresses-id_00002841-03_7_additional_segm_5.png,5,4,3,WOMEN-Dresses-id_00002841-03_7_additional_segm.png,WOMEN-Dresses-id_00002841
WOMEN-Blouses_Shirts-id_00000539-02_7_additional_segm_2.png,2,4,1,WOMEN-Blouses_Shirts-id_00000539-02_7_additional_segm.png,WOMEN-Blouses_Shirts-id_00000539
WOMEN-Blouses_Shirts-id_00004977-02_4_full_segm_1.png,1,4,1,WOMEN-Blouses_Shirts-id_00004977-02_4_full_segm.png,WOMEN-Blouses_Shirts-id_00004977
WOMEN-Dresses-id_00000803-02_4_full_segm_5.png,5,4,1,WOMEN-Dresses-id_00000803-02_4_full_segm.png,WOMEN-Dresses-id_00000803
WOMEN-Dresses-id_00004085-01_1_front_segm_5.png,5,4,3,WOMEN-Dresses-id_00004085-01_1_front_segm.png,WOMEN-Dresses-id_00004085
WOMEN-Blouses_Shirts-id_00004608-03_4_full_segm_1.png,1,4,3,WOMEN-Blouses_Shirts-id_00004608-03_4_full_segm.png,WOMEN-Blouses_Shirts-id_00004608
WOMEN-Dresses-id_00007540-02_2_side_segm_5.png,5,4,3,WOMEN-Dresses-id_00007540-02_2_side_segm.png,WOMEN-Dresses-id_00007540
WOMEN-Skirts-id_00004791-02_4_full_segm_1.png,1,4,3,WOMEN-Skirts-id_00004791-02_4_full_segm.png,WOMEN-Skirts-id_00004791
WOMEN-Blouses_Shirts-id_00003964-12_4_full_segm_1.png,1,4,3,WOMEN-Blouses_Shirts-id_00003964-12_4_full_segm.png,WOMEN-Blouses_Shirts-id_00003964
WOMEN-Blouses_Shirts-id_00000057-02_4_full_segm_1.png,1,4,1,WOMEN-Blouses_Shirts-id_00000057-02_4_full_segm.png,WOMEN-Blouses_Shirts-id_00000057
WOMEN-Sweaters-id_00002583-03_4_full_segm_3.png,3,4,0,WOMEN-Sweaters-id_00002583-03_4_full_segm.png,WOMEN-Sweaters-id_00002583
WOMEN-Dresses-id_00002841-02_7_additional_segm_5.png,5,4,3,WOMEN-Dresses-id_00002841-02_7_additional_segm.png,WOMEN-Dresses-id_00002841
WOMEN-Pants-id_00005000-05_1_front_segm_2.png,2,4,1,WOMEN-Pants-id_00005000-05_1_front_segm.png,WOMEN-Pants-id_00005000
WOMEN-Dresses-id_00007415-02_7_additional_segm_5.png,5,4,3,WOMEN-Dresses-id_00007415-02_7_additional_segm.png,WOMEN-Dresses-id_00007415
WOMEN-Cardigans-id_00000485-03_1_front_segm_4.png,4,4,1,WOMEN-Cardigans-id_00000485-03_1_front_segm.png,WOMEN-Cardigans-id_00000485
WOMEN-Blouses_Shirts-id_00007631-02_7_additional_segm_2.png,2,4,1,WOMEN-Blouses_Shirts-id_00007631-02_7_additional_segm.png,WOMEN-Blouses_Shirts-id_00007631
WOMEN-Cardigans-id_00002255-01_2_side_segm_2.png,2,4,1,WOMEN-Cardigans-id_00002255-01_2_side_segm.png,WOMEN-Cardigans-id_00002255
WOMEN-Dresses-id_00004353-03_1_front_segm_5.png,5,4,3,WOMEN-Dresses-id_00004353-03_1_front_segm.png,WOMEN-Dresses-id_00004353
WOMEN-Dresses-id_00005196-01_7_additional_segm_5.png,5,4,3,WOMEN-Dresses-id_00005196-01_7_additional_segm.png,WOMEN-Dresses-id_00005196
WOMEN-Blouses_Shirts-id_00004504-04_4_full_segm_1.png,1,4,3,WOMEN-Blouses_Shirts-id_00004504-04_4_full_segm.png,WOMEN-Blouses_Shirts-id_00004504
WOMEN-Blouses_Shirts-id_00001825-05_7_additional_segm_1.png,1,4,3,WOMEN-Blouses_Shirts-id_00001825-05_7_additional_segm.png,WOMEN-Blouses_Shirts-id_00001825
WOMEN-Shorts-id_00004097-03_4_full_segm_1.png,1,4,0,WOMEN-Shorts-id_00004097-03_4_full_segm.png,WOMEN-Shorts-id_00004097
WOMEN-Blouses_Shirts-id_00006061-03_4_full_segm_2.png,2,4,0,WOMEN-Blouses_Shirts-id_00006061-03_4_full_segm.png,WOMEN-Blouses_Shirts-id_00006061
WOMEN-Dresses-id_00000189-01_2_side_segm_5.png,5,4,3,WOMEN-Dresses-id_00000189-01_2_side_segm.png,WOMEN-Dresses-id_00000189
WOMEN-Blouses_Shirts-id_00006694-03_7_additional_segm_1.png,1,4,3,WOMEN-Blouses_Shirts-id_00006694-03_7_additional_segm.png,WOMEN-Blouses_Shirts-id_00006694
WOMEN-Jackets_Coats-id_00006860-02_7_additional_segm_2.png,2,5,7,WOMEN-Jackets_Coats-id_00006860-02_7_additional_segm.png,WOMEN-Jackets_Coats-id_00006860
WOMEN-Skirts-id_00004650-03_1_front_segm_2.png,2,5,7,WOMEN-Skirts-id_00004650-03_1_front_segm.png,WOMEN-Skirts-id_00004650
MEN-Pants-id_00003612-12_1_front_segm_2.png,2,5,7,MEN-Pants-id_00003612-12_1_front_segm.png,MEN-Pants-id_00003612
WOMEN-Blouses_Shirts-id_00003358-02_1_front_segm_2.png,2,5,7,WOMEN-Blouses_Shirts-id_00003358-02_1_front_segm.png,WOMEN-Blouses_Shirts-id_00003358
WOMEN-Sweaters-id_00002576-04_7_additional_segm_2.png,2,5,7,WOMEN-Sweaters-id_00002576-04_7_additional_segm.png,WOMEN-Sweaters-id_00002576
WOMEN-Jackets_Coats-id_00007536-02_1_front_segm_2.png,2,5,7,WOMEN-Jackets_Coats-id_00007536-02_1_front_segm.png,WOMEN-Jackets_Coats-id_00007536
WOMEN-Skirts-id_00004505-06_4_full_segm_2.png,2,5,7,WOMEN-Skirts-id_00004505-06_4_full_segm.png,WOMEN-Skirts-id_00004505
WOMEN-Dresses-id_00002623-01_4_full_segm_2.png,2,5,7,WOMEN-Dresses-id_00002623-01_4_full_segm.png,WOMEN-Dresses-id_00002623
WOMEN-Jackets_Coats-id_00002083-02_4_full_segm_1.png,1,5,7,WOMEN-Jackets_Coats-id_00002083-02_4_full_segm.png,WOMEN-Jackets_Coats-id_00002083
WOMEN-Tees_Tanks-id_00007652-05_4_full_segm_2.png,2,5,7,WOMEN-Tees_Tanks-id_00007652-05_4_full_segm.png,WOMEN-Tees_Tanks-id_00007652
WOMEN-Blouses_Shirts-id_00004858-02_7_additional_segm_2.png,2,5,7,WOMEN-Blouses_Shirts-id_00004858-02_7_additional_segm.png,WOMEN-Blouses_Shirts-id_00004858
